<?xml version="1.0" encoding="UTF-8"?>
<learner><head sortkey="TR793*0102*2000*01">
  <candidate><personnel><language>Russian</language><age>26-30</age></personnel><score>18.0</score></candidate>
  <text>
     <answer1>
       <question_number>1</question_number>
       <exam_score>2.2</exam_score>
         <coded_answer>
          <p>Dear Sir,</p>
          <p>Last night, me and my family visited your theatre, and we had a very disappointing evening</p>
          <p>In the advertisement the time when the show should start was 19.30 but it started <NS type="MT"><c>at</c></NS> 20:15. When I arrived <NS type="RT"><i>to</i><c>at</c></NS> <NS type="MD"><c>the</c></NS> theatre and <NS type="TV"><i>ask</i><c>asked</c></NS> for the discount, it wasn't available. In your <NS type="L"><i>adv.</i><c>advertisement</c></NS> <NS type="M"><c>the show</c></NS> <NS type="W"><i>starring was</i><c>was starring</c></NS> Danny Brook, and on the stage <NS type="MD"><c>a</c></NS> <NS type="W"><i><NS type="RV"><i><NS type="IV"><i>plaied</i><c>played</c></NS></i><c>performed</c></NS> different actor</i><c>different actor performed</c></NS> and his <NS type="RN"><i>play</i><c>acting</c></NS> was very poor. The whole show and <NS type="MD"><c>the</c></NS> acting was <NS type="R"><i>an <NS type="S"><i>profeccion</i><c>profession</c></NS> like</i><c>of a standard comparable to</c></NS> <NS type="S"><i>scholl</i><c>school</c></NS> theatre. When we decided to visit <NS type="MD"><c>the</c></NS> theatre Restaurant after the show it was <NS type="S"><i>clouse</i><c>closed</c></NS> because <NS type="SX"><i>same</i><c>some</c></NS> <NS type="UT"><i>of</i></NS> decorating wasn't <NS type="DJ"><i>finish</i><c>finished</c></NS>. It was <NS type="MD"><c>this</c></NS> last <NS type="S"><i>poin</i><c>point</c></NS> <NS type="MC"><c>that</c></NS> <NS type="TV"><i>to get</i><c>got</c></NS> me angry. After <NS type="S"><i>evrything</i><c>everything</c></NS> <NS type="R"><i>what</i><c>that</c></NS> <NS type="TV"><i><NS type="IV"><i>happend</i><c>happened</c></NS></i><c>had happened</c></NS> we went to <NS type="MD"><c>the</c></NS> hotel <NS type="R">tipped and very affect</NS>.</p>
          <p>It wasn't <NS type="MD"><c>the</c></NS> perfect evening out, <NS type="R"><i>how</i><c>as</c></NS> you <NS type="UV"><i>did</i></NS> <NS type="TV"><i>promise</i><c>promised</c></NS> in your a advertisement, and I want <NS type="FV"><i>ask</i><c>to ask</c></NS> for my money back.</p>
          <p>Yours faithfully</p>
          <p>Alexy Pasimov</p>
         </coded_answer>
     </answer1>
     <answer2>
       <question_number>4</question_number>
       <exam_score>2.1</exam_score>
         <coded_answer>
          <p><NS type="RT"><i>For</i><c>In</c></NS> the last one hundred years science and technology <NS type="RV"><i>did</i><c>has taken</c></NS> <NS type="MD"><c>a</c></NS> big step<NS type="MP"><c>,</c></NS> if we <NS type="FV"><i>looking</i><c>look</c></NS> <NS type="UT"><i>to</i></NS> back. <NS type="R"><i>Same thing</i><c>Similarly,</c></NS> more <NS type="SX"><i>then</i><c>than</c></NS> 100 years <NS type="SX"><i>ego</i><c>ago</c></NS> <NS type="UD"><i>the</i></NS> people <NS type="X"><i>haven't got</i><c>didn't have</c></NS> the light <NS type="MN"><c>bulb</c></NS>. They <NS type="UV"><i>were</i></NS> <NS type="W"><i>used just</i><c>just used</c></NS> a candle. Nobody <NS type="UV"><i>can</i></NS> <NS type="TV"><i>thinking</i><c>thought</c></NS> about the Telephone, and telegraph. From <NS type="MD"><c>a</c></NS> small village to <NS type="MD"><c>the</c></NS> town was <NS type="MD"><c>a</c></NS> very long way <NS type="S"><i>becouse</i><c>because</c></NS> <NS type="UD"><i>the</i></NS> people used <NS type="MD"><c>a</c></NS> horse and wagon.</p>
          <p>And look at <NS type="MA"><c>us</c></NS> now. <NS type="S"><i>Evry</i><c>Every</c></NS> family <NS type="W"><i>has now</i><c>now has</c></NS> <NS type="MD"><c>a</c></NS> <NS type="UP"><i>T.V.</i><c>TV</c></NS>, to travel <NS type="UT"><i>for</i></NS> long <NS type="AGN"><i>distance</i><c>distances</c></NS> we <NS type="FV"><i>using</i><c>use</c></NS> not just <NS type="MD"><c>the</c></NS> car <NS type="RC"><i>and</i><c>but</c></NS> <NS type="S"><i>elso</i><c>also</c></NS> <NS type="MD"><c>the</c></NS> train and <NS type="S"><i>airplain</i><c>aeroplane</c></NS>. Before we <NS type="TV"><i>have</i><c>had</c></NS> <NS type="MD"><c>a</c></NS> <NS type="S"><i>phantasy</i><c>fantasy</c></NS> about how people <NS type="MV"><c>might</c></NS> travel to other planets, and what we see now <NS type="MV"><c>is</c></NS> <NS type="MD"><c>a</c></NS> spaceship cruising in <NS type="U"><i>the open</i></NS> space.</p>
          <p><NS type="R"><i>In the</i><c>We spend the</c></NS> most <NS type="UN"><i>part</i></NS> of our <NS type="AGN"><i>life</i><c>lives</c></NS> <NS type="RV"><i>entering</i><c>operating</c></NS> <NS type="AGN"><i>computer</i><c>computers</c></NS>. Before it was only <NS type="M"><c>in our</c></NS> <NS type="AGN"><i><NS type="S"><i>emegination</i><c>imagination</c></NS></i><c>imaginations</c></NS>.</p>
          <p>New <NS type="S"><i>techology</i><c>technology</c></NS> <NS type="R"><i>more</i><c>has made</c></NS> our <NS type="AGN"><i>life</i><c>lives</c></NS> more comfortable and <NS type="S"><i>esee</i><c>easier</c></NS>. <NS type="S"><i>Evrything</i><c>Everything</c></NS> <NS type="R"><i>what</i><c>that</c></NS> we do now we do with <NS type="MN"><c>a computer</c></NS>: it <NS type="AGV"><i>help</i><c>helps</c></NS><NS type="UP"><i>,</i></NS> <NS type="FV"><i>looking</i><c>to look</c></NS> after <NS type="MD"><c>the</c></NS> house, <NS type="RV"><i><NS type="FV"><i>make</i><c>to make</c></NS></i><c>to perform</c></NS> very difficult <NS type="AGN"><i>operation</i><c>operations</c></NS>, <NS type="S"><i>becose</i><c>because</c></NS> the computer can think much faster <NS type="SX"><i>then</i><c>than</c></NS> <NS type="MD"><c>a</c></NS> human.</p>
          <p>And I can continue my list <NS type="RT"><i>on</i><c>in</c></NS> this way... <NS type="S"><i>becouse</i><c>because</c></NS> science never <NS type="AGV"><i>stop</i><c>stops</c></NS> <NS type="RT"><i>on</i><c>in</c></NS> one place.</p>
         </coded_answer>
     </answer2>
  </text>
</head></learner>
