<?xml version="1.0" encoding="UTF-8"?>
<learner><head sortkey="TR460*0102*2000*01">
  <candidate><personnel><language>Greek</language><age>&lt;16</age></personnel><score>24.0</score></candidate>
  <text>
     <answer1>
       <question_number>1</question_number>
       <exam_score>3.2</exam_score>
         <coded_answer>
          <p>Dear Sir or <NS type="RP"><i>madam</i><c>Madam</c></NS></p>
          <p>For weeks <NS type="TV"><i>I've</i><c>I'd</c></NS> been <NS type="IV"><i>planing</i><c>planning</c></NS> to go to <NS type="RD"><i>this</i><c>the</c></NS> <NS type="S"><i>threatre</i><c>theatre</c></NS> with some close relatives and friends but the problems that we had made this perfect night a disaster <NS type="R"><i>has</i><c>for</c></NS> all of us.</p>
          <p>To begin with<NS type="MP"><c>,</c></NS> <NS type="RT"><i>on</i><c>in</c></NS> your <NS type="S"><i>advertisment</i><c>advertisement</c></NS> you say that Danny Brooks will be starring <NS type="MT"><c>in</c></NS> the show but instead <NS type="SX"><i>their</i><c>there</c></NS> was a different actor<NS type="MP"><c>,</c></NS> which made us very disappointed. Another thing that is <NS type="RV"><i>written</i><c>said</c></NS> <NS type="RT"><i>on</i><c>in</c></NS> the <NS type="S"><i>advertisment</i><c>advertisement</c></NS> is that the <NS type="RN"><i>night</i><c>evening</c></NS> show will start at 7:30 but <NS type="U"><i>instead of that</i></NS> <NS type="SX"><i>their</i><c>there</c></NS> was <NS type="MD"><c>a</c></NS> <NS type="MP"><i>forty five</i><c>forty-five</c></NS> minute delay<NS type="MP"><c>.</c></NS> The <NS type="DN"><i>crowded</i><c>crowd</c></NS> got really upset and we were going to leave <NS type="RT"><i>with</i><c>at</c></NS> the first <NS type="S"><i>chanse</i><c>chance</c></NS> we <NS type="RV"><i>had</i><c>got</c></NS><NS type="MP"><c>.</c></NS></p>
          <p>To make matters worse<NS type="MP"><c>,</c></NS> the <NS type="W"><i>restaurant of the theatre</i><c>theatre's restaurant</c></NS> was closed. You can understand how that made me feel, and <NS type="R"><i>when</i><c>also</c></NS> <NS type="AS"><i>the tickets had no discount</i><c>there was no discount on the tickets</c></NS><NS type="MP"><c>.</c></NS></p>
          <p><NS type="ID"><i>To top <NS type="UT"><i>of</i></NS> it all</i><c>In the end</c></NS>, this wasn't the perfect evening out. It was the worst night of my life. So I expect nothing less than a full refund of the money I paid to see this <NS type="MP"><i>so called</i><c>so-called</c></NS> show. If you don't do as I say<NS type="MP"><c>,</c></NS> an article in the <NS type="RJ">biggest</NS> newspaper will <NS type="S"><i>deffenetly</i><c>definitely</c></NS> change your <NS type="S"><i>ming</i><c>mind</c></NS><NS type="MP"><c>.</c></NS></p>
          <p>Yours <NS type="RY"><i>sincerely</i><c>faithfully</c></NS></p>
         </coded_answer>
     </answer1>
     <answer2>
       <question_number>3</question_number>
       <exam_score>3.1</exam_score>
         <coded_answer>
          <p>What are <NS type="W"><i>going to look <NS type="UD"><i>the</i></NS> clothes</i><c>clothes going to look</c></NS> <NS type="MT"><c>like</c></NS> <NS type="UT"><i>in</i></NS> a century from now? Are they going to be the same, are they going to <NS type="R"><i>have colours</i><c>be colourful</c></NS>, are men going to wear long skirts and women <NS type="RP"><i>boxershorts</i><c>boxer shorts</c></NS>? This is something that has <NS type="RV"><NS type="S"><i>trabled</i><c>troubled</c></NS></NS> many people, especially those who work in the fashion industry.</p>
          <p>Fashion has made <NS type="UD"><i>a</i></NS> <NS type="RJ"><i>big</i><c>great</c></NS> progress since the <NS type="S"><i>ealary</i><c>early</c></NS> <NS type="R"><i><NS type="S"><i>beggining</i><c>beginning</c></NS> of the world</i><c>days</c></NS>. The variety of new fabrics, <NS type="MD"><c>their</c></NS> colours and quality, <NS type="M"></NS> make new <NS type="FN"><i>fashions</i><c>fashion</c></NS> statements every day. <NS type="RC"><i>Although</i><c>And</c></NS> the clothes are getting <NS type="IJ"><i>more and more smaller</i><c>smaller and smaller</c></NS>. In the early 90s it was in <NS type="S"><i>fashing</i><c>fashion</c></NS> <NS type="MT"><c>for</c></NS> <NS type="UD"><i>the</i></NS> women to wear only skirts<NS type="RP"><i>. Long</i><c>, long</c></NS> ones actually<NS type="MP"><c>,</c></NS> and <NS type="MT"><c>for</c></NS> men to wear trousers. In the sixties<NS type="MP"><c>,</c></NS> people <NS type="TV"><i>worn</i><c>wore</c></NS> clothes with flowers, big glasses, <NS type="MC"><c>and</c></NS> jeans, and men <NS type="UV"><i>should have</i></NS> had long <NS type="RJ">painted</NS> hair. <NS type="S"><i>Nowdays</i><c>Nowadays</c></NS> women <NS type="TV"><i><NS type="RV"><i>were</i><c>wore</c></NS></i><c>wear</c></NS> really short skirts, short t-shirts, short tops, and cut their hair short just like men. Boys <NS type="S"><i>pearce</i><c>pierce</c></NS> their <NS type="IN"><i>bodys</i><c>bodies</c></NS> just like girls do<NS type="UP"><i>.</i></NS> and <NS type="R"><i>the other way around</i><c>vice versa</c></NS>. If this continues<NS type="MP"><c>,</c></NS> <NS type="R">the two lives will turn the one to the other</NS> and soon men will wear skirts. Clothes will get smaller (<NS type="UP"><i>;</i></NS><NS type="AS"><i>practically people won't be wearing any clothes</i><c>people will be wearing practically no clothes</c></NS>)<NS type="MP"><c>.</c></NS> People will <NS type="TV"><i><NS type="RV"><i>were</i><c>wore</c></NS></i><c>wear</c></NS> extreme<NS type="UP"><i>. Clothes</i><c> clothes</c></NS> which will be really <NS type="RJ"><NS type="RP"><i>Lanky</i><c>lanky</c></NS></NS>. People will wear all those clothes that expensive designers <NS type="S"><i>designe</i><c>design</c></NS> but <NS type="S"><i>nowone</i><c>no one</c></NS> wears <NS type="UA"><i>them</i></NS>.</p>
         </coded_answer>
     </answer2>
  </text>
</head></learner>
