<?xml version="1.0" encoding="UTF-8"?>
<learner><head sortkey="TR836*0102*2000*01">
  <candidate><personnel><language>Italian</language><age>16-20</age></personnel><score>23.0</score></candidate>
  <text>
     <answer1>
       <question_number>1</question_number>
       <exam_score>2.3T</exam_score>
         <coded_answer>
          <p>Mr Jon Stevens,</p>
          <p>Last month I <NS type="TV"><i>have been</i><c>was</c></NS> in London for a week to visit your wonderful city and with the intention of seeing <NS type="W"><i>at your <NS type="S"><i>Thetre</i><c>theatre</c></NS> the famous musical show Over the rainbow</i><c>the famous musical show Over the rainbow at your theatre</c></NS> but in all my life I have never had such a disappointing evening.</p>
          <p>First of all<NS type="MP"><c>,</c></NS> my cousin, who lives there, had had many problems with the tickets. The <NS type="DN"><i>starring</i><c>line-up</c></NS> <NS type="TV"><i>changed</i><c>was changed</c></NS> and <NS type="RA"><i>this</i><c>that</c></NS> was the worst surprise I could have <NS type="MV"><c>had</c></NS>. My greatest wish was <NS type="FV"><i>seeing</i><c>to see</c></NS> Danny Brook's performance; you know <NS type="RA"><i>it's</i><c>he's</c></NS> the best singer. But instead of him there was <NS type="FD"><i>a</i><c>an</c></NS> unknown young actor. What a pity, I thought.</p>
          <p>I arrived there <NS type="RT"><i>in</i><c>on</c></NS> time, 19:15<NS type="MP"><c>,</c></NS> in fact you wrote that the show would be starting at 19:30, but I had to wait until 20.15. What an absurd thing, don't you think so? The quality of the show wasn't as high as I expected. I hadn't <NS type="S"><i>tought</i><c>thought</c></NS> <NS type="RT"><i>for</i><c>about</c></NS> a restaurant to go to after the show, because if the advertisement had been right, there should <NS type="FV"><i>had</i><c>have</c></NS> <NS type="TV"><i>to be</i><c>been</c></NS> a luxury restaurant where I could eat. But it was closed because it was under construction.</p>
          <p>Because of the quality of the evening I <NS type="RV"><i>spent</i><c>had</c></NS>, the only thing you can do is <NS type="FV"><i>giving</i><c>give</c></NS> me back at least the half of the cost of <NS type="MD"><c>the</c></NS> ticket. To apologise and give the impression of being a serious theatre. I'd rather I had been at home <NS type="RV"><i>seeing</i><c>watching</c></NS> <NS type="UT"><i>on</i></NS> <NS type="W"><i>TV my</i><c>my TV</c></NS> <NS type="MT"><c>in</c></NS> Italy!</p>
          <p>I hope that my <NS type="RN"><i>wish</i><c>request</c></NS> is <NS type="TV"><i>being accepted</i><c>accepted</c></NS>.</p>
          <p><NS type="DA"><i>Your</i><c>Yours</c></NS> <NS type="S"><i>Sinceraly</i><c>sincerely</c></NS></p>
         </coded_answer>
     </answer1>
     <answer2>
       <question_number>4</question_number>
       <exam_score>3.1</exam_score>
         <coded_answer>
          <p>We are in the <NS type="FN"><i>ages</i><c>age</c></NS> of <NS type="UD"><i>the</i></NS> <NS type="DJ"><i>technologic</i><c>technological</c></NS> development<NS type="MP"><c>,</c></NS> <NS type="M"><c>of that</c></NS> <NS type="ID"><i>it's out of doubt</i><c>there can be no doubt</c></NS>.</p>
          <p>What <NS type="W"><i>could be out of control of technology</i><c>technology could be out of control</c></NS>? Since the scientific revolution and the Industrial Revolution, between <NS type="MD"><c>the</c></NS> 17th and 18th <NS type="AGN"><i>century</i><c>centuries</c></NS> there have been sudden changes in our daily <NS type="ID"><i>way of living</i><c>way of life</c></NS>.</p>
          <p>Nowadays<NS type="MP"><c>,</c></NS> especially in the <NS type="RJ"><i>west</i><c>western</c></NS> area of the world<NS type="MP"><c>,</c></NS> science and technology have <NS type="RV"><i>done</i><c>taken</c></NS> great, enormous steps in <NS type="W"><i><NS type="FN"><i>directions</i><c>direction</c></NS> of the</i><c>the direction of</c></NS> progress. Not only for the great nations, but also for <NS type="RQ"><i>every</i><c>each</c></NS> <NS type="MT"><c>of</c></NS> their inhabitants.</p>
          <p>Today it's absurd not <NS type="FV"><i>knowing</i><c>to know</c></NS> how a computer works, or how to use <NS type="MD"><c>the</c></NS> Internet</p>
          <p>I can buy, today, a book <NS type="MY"><c>while</c></NS> <NS type="MA"><c>I</c></NS> <NS type="TV"><i>being</i><c>am</c></NS> comfortable at home, can communicate with other friends faster than before. I <NS type="AS"><i>can have my <NS type="CN"><i>homeworks</i><c>homework</c></NS> done by a calculator</i><c>can do my homework by calculator</c></NS> etc. In <NS type="MD"><c>the</c></NS> future I <NS type="RV"><i>wish</i><c>imagine</c></NS> I could fly on my own!</p>
          <p>For me it's very important <NS type="AS"><i>to have my mobile and computer never broken</i><c>that my mobile and computer are never broken</c></NS>. I think I <NS type="RV"><i>should</i><c>would</c></NS> <NS type="RV"><i>become</i><c>go</c></NS> crazy without them, not only me but the majority of us.</p>
          <p>But sometimes I'd rather <NS type="FV"><i>to switch</i><c>switch</c></NS> them off and think of what I <NS type="RV"><i>could</i><c>might</c></NS> <NS type="TV"><i>waste</i><c>be wasting</c></NS>, like love and friendship. I wish all the world would do the same.</p>
          <p>Vico says that progress <NS type="RV"><i>gives up</i><c>stops</c></NS> when Man <NS type="AGV"><i>have</i><c>has</c></NS> noticed that he <NS type="AGV"><i>have</i><c>has</c></NS> been wasting those values.</p>
         </coded_answer>
     </answer2>
  </text>
</head></learner>
