<?xml version="1.0" encoding="UTF-8"?>
<learner><head sortkey="TR842*0102*2000*01">
  <candidate><personnel><language>Korean</language><age>16-20</age></personnel><score>22.0</score></candidate>
  <text>
     <answer1>
       <question_number>1</question_number>
       <exam_score>2.2</exam_score>
         <coded_answer>
          <p>To. Mr or Mrs Manager of Circle Theatre.</p>
          <p>Hi. My name is Taeron Jon. And I would like to inform you that something is not right and <NS type="MV"><c>is</c></NS> unfair about your theatre. I recently had a week's holiday in London. During <NS type="DD"><i>I</i><c>my</c></NS> stay I went to your theatre to see a musical show and <NS type="DY"><i>unfortunatly</i><c>unfortunately</c></NS> I had a very disappointing evening.</p>
          <p>The advertisement that you distributed through all the magazines <NS type="SX"><i>wee</i><c>was</c></NS> totally untrue. <NS type="CE">Which so called "Rip off".</NS></p>
          <p>First of all<NS type="MP"><c>,</c></NS> you said Danny Brook <NS type="TV"><i>is</i><c>was</c></NS> in the play but <NS type="MD"><c>a</c></NS> different actor was in the <NS type="RN"><i>roll</i><c>role</c></NS>. It was just unbelievably disappointing because the reason<NS type="MP"><c>,</c></NS> I mean <NS type="MD"><c>the</c></NS> main reason<NS type="MP"><c>,</c></NS> which made me <NS type="FV"><i>to go</i><c>go</c></NS> was to see Danny Brook.</p>
          <p>Secondly<NS type="MP"><c>,</c></NS> about the time. If it's delayed you should have told us before. Not waiting there for almost 1 hour doing nothing. Due to <NS type="MD"><c>the</c></NS> late start<NS type="MP"><c>,</c></NS> it finished at 1 AM and my taxi which I booked just left so I had to wait <NS type="RP"><i>out side</i><c>outside</c></NS> for another hour to get a taxi. It was freezing <NS type="RP"><i>out side</i><c>outside</c></NS> and I got <NS type="MD"><c>a</c></NS> horrible cold <NS type="RT"><i>for</i><c>because of</c></NS> that.</p>
          <p><NS type="MP"><i>lastly</i><c>Lastly,</c></NS> about the ticket<NS type="MP"><c>.</c></NS> <NS type="MD"><c>The</c></NS> advertisment <NS type="IV"><i>saids</i><c>said</c></NS> '<NS type="S"><i>Discouts</i><c>Discounts</c></NS> Available' but no way<NS type="MP"><c>,</c></NS> I had to <NS type="SX"><i>pad</i><c>pay</c></NS> <NS type="MD"><c>the</c></NS> full £ 20.00 and <NS type="MD"><c>the</c></NS> restaurant was closed because of rebuilding <NS type="MC"><c>or</c></NS> something. <NS type="RP"><i>How ever</i><c>However</c></NS><NS type="MP"><c>,</c></NS> the point that <NS type="RA"><i>it</i><c>I</c></NS> am trying to <NS type="RV"><i>say</i><c>make</c></NS> is <NS type="MC"><c>that</c></NS> you just ruined my <NS type="S"><i>hoilday</i><c>holiday</c></NS>. For me, It's not easy to <NS type="RV"><i>have</i><c>get</c></NS> <NS type="MD"><c>a</c></NS> holiday and your play just blew my precious time away.</p>
          <p>Let me make it clear, you <NS type="RV"><i>blew</i><c>wasted</c></NS> my time and money. I don't <NS type="SX"><i>thing</i><c>think</c></NS> your play worth £ 20.00.</p>
          <p>Your <NS type="S"><i>advertisment</i><c>advertisement</c></NS> was <NS type="RP"><i>un fair</i><c>unfair</c></NS>. As you are a manager, you have <NS type="S"><i>resposbillity</i><c>responsibility</c></NS> <NS type="MT"><c>for</c></NS> <NS type="RV"><NS type="FV"><i>to justify</i><c>justifying</c></NS></NS> this problem. and I have <NS type="MD"><c>a</c></NS> right to get <NS type="UD"><i>a</i></NS> fair treatment as a <NS type="S"><i>costomer</i><c>customer</c></NS>.</p>
          <p>So<NS type="MP"><c>,</c></NS> therefore<NS type="MP"><c>,</c></NS> I would like you to pay some money back. I am not asking for full payment but <NS type="R"><i>minimum</i><c>at least</c></NS> 50% <NS type="MT"><c>of</c></NS> <NS type="RA"><i>that</i><c>what</c></NS> <NS type="RA"><i>it</i><c>I</c></NS> paid for nothing but the <NS type="DN"><i>disappoint</i><c>disappointment</c></NS>.</p>
          <p>Thank you.</p>
          <p>Yours</p>
          <p>Taeron Jon</p>
         </coded_answer>
     </answer1>
     <answer2>
       <question_number>3</question_number>
       <exam_score>2.2</exam_score>
         <coded_answer>
          <p>Fashion of the future.</p>
          <p>Fashion, what is fashion? Popular design of <NS type="RN"><i>cloths</i><c>clothes</c></NS>. In <NS type="MD"><c>a</c></NS> particular time? Maybe. But I say fashion is Artistic <NS type="S"><i>insperation</i><c>inspiration</c></NS> which <NS type="MV"><c>is</c></NS> expressed by fabric and all <NS type="AGN"><i>sort</i><c>sorts</c></NS> of material. In some way, fashion is combined with science as well.</p>
          <p><NS type="RP"><i>Now a days</i><c>Nowadays,</c></NS> fashion <NS type="AGV"><i>play</i><c>plays</c></NS> <NS type="MD"><c>a</c></NS> big <NS type="RN"><i>roll</i><c>role</c></NS> in our daily life. <NS type="MD"><i>Million</i><c>A million</c></NS> kinds of fashion magazines and <NS type="AGN"><i><NS type="RP"><i>News paper</i><c>newspaper</c></NS></i><c>newspapers</c></NS> <NS type="AGV"><i>tells</i><c>tell</c></NS> you how much people are interested in fashion.</p>
          <p>What about after 100 years? I believe we'll be more into fashionable <NS type="CN"><i>stuffs</i><c>stuff</c></NS>. As I said before, fashion is somehow influenced by science and <NS type="S"><i>insperations</i><c>inspirations</c></NS> that we get from all <NS type="AGN"><i>sort</i><c>sorts</c></NS> of <NS type="AGN"><i><NS type="S"><i>enviroment</i><c>environment</c></NS></i><c>environments</c></NS>.</p>
          <p><NS type="W"><i>Development of science</i><c>Scientific developments</c></NS> produce new materials like <NS type="RP"><i>water proof</i><c>waterproof</c></NS> or <NS type="RP"><i>fire proof</i><c>fireproof</c></NS> fabrics. For example<NS type="MP"><c>,</c></NS> <NS type="RN"><i><NS type="S"><i>Castum</i><c>Costume</c></NS> of <NS type="S"><i>Astronuts</i><c>Astronauts</c></NS></i><c>space suits</c></NS>.</p>
          <p>These days we are very <NS type="S"><i>intrested</i><c>interested</c></NS> in space and <NS type="MD"><c>the</c></NS> <NS type="S"><i>millenium</i><c>millennium</c></NS> and things and many designers <NS type="MV"><c>have</c></NS> <NS type="TV"><i>showed</i><c>shown</c></NS> <NS type="S"><i>millenium</i><c>millennium</c></NS> looks recently. But we don't wear them. Frankly we can't because we think it's too odd or strange.</p>
          <p>But what about 100 <NS type="AGN"><i>year</i><c>years</c></NS> later? I expect human <NS type="L"><i><NS type="FN"><i>being'll</i><c>beings'll</c></NS></i><c>beings will</c></NS> live <NS type="RT"><i>in</i><c>on</c></NS> <NS type="UD"><i>the</i></NS> other planets and <NS type="S"><i>trevel</i><c>travel</c></NS> around under <NS type="MD"><c>the</c></NS> sea.</p>
          <p>I think <NS type="L"><i>people'll</i><c>people will</c></NS> wear those <NS type="MP"><i>spacy</i><c>spacy-</c></NS> and <NS type="MP"><i><NS type="S"><i>Ciber</i><c>cyber</c></NS> looking</i><c>cyber-looking</c></NS> <NS type="RN"><i>cloth</i><c>clothes</c></NS> after a <NS type="S"><i>centry</i><c>century</c></NS>. What do you think?</p>
          <p>Can you <NS type="S"><i>imagin</i><c>imagine</c></NS> you and your friends going <NS type="MT"><c>on</c></NS> <NS type="MD"><c>a</c></NS> picnic to the Moon with <NS type="MD"><c>a</c></NS> silvery skirt with <NS type="S"><i>Astronut</i><c>astronaut</c></NS> boots with fire coming out at the bottom of your boots? It could be more <NS type="S"><i>facinating</i><c>fascinating</c></NS>.</p>
          <p>Endless imagination and development of technology will lead us to future fashion.</p>
         </coded_answer>
     </answer2>
  </text>
</head></learner>
