<?xml version="1.0" encoding="UTF-8"?>
<learner><head sortkey="TR819*0102*2000*01">
  <candidate><personnel><language>Catalan</language><age>16-20</age></personnel><score>22.0</score></candidate>
  <text>
     <answer1>
       <question_number>1</question_number>
       <exam_score>3.1</exam_score>
         <coded_answer>
          <p>London, 1st of June 2000</p>
          <p>Mister Jones,</p>
          <p>I'm Omadar, a <NS type="RP"><i>spanish</i><c>Spanish</c></NS> male of eighteen years old who is spending <NS type="W"><i>in this town a <NS type="MP"><i>week</i><c>week's</c></NS> holiday</i><c>a week's holiday in this town</c></NS>. I decided to <NS type="RV"><i>enjoy</i><c>go to</c></NS> a play at the theatre <NS type="MT"><c>of</c></NS> <NS type="S"><i>wich</i><c>which</c></NS> you're the manager to see <NS type="UD"><i>the</i></NS> "London's newest and best musical show." My opinion?</p>
          <p>I had a very disappointing evening. First, Danny Brook <NS type="TV"><i>doesn't</i><c>didn't</c></NS> <NS type="RV"><i>play</i><c>appear</c></NS> <NS type="MT"><c>in</c></NS> "Over the rainbow"<NS type="MP"><c>,</c></NS> his <NS type="RN"><i>paper</i><c>part</c></NS> was played by Danny De Vito. Also, the play started <NS type="MP"><i><NS type="S"><i>fourty five</i><c>forty five</c></NS></i><c>forty-five</c></NS> minutes <NS type="FY"><i>late</i><c>later</c></NS> than the <NS type="R"><i>starting hour</i><c>time announced</c></NS>. I can understand that a play can start fifteen minutes late, but not <NS type="MP"><i><NS type="S"><i>fourty five</i><c>forty five</c></NS></i><c>forty-five</c></NS>. Second, my wife and <NS type="RA"><i>me</i><c>I</c></NS> <NS type="IV"><i>payed</i><c>paid</c></NS> £20 for the tickets and we asked for discounts. The receptionist who gave me the tickets told me that no discounts were <NS type="RJ"><i>able</i><c>available</c></NS> that night. After a boring play, I decided to go <NS type="MT"><c>to</c></NS> <NS type="RD"><i>an</i><c>the</c></NS> theatre restaurant, but <NS type="RY"><i>uncertainly</i><c>peculiarly</c></NS> it was closed. I decided to go home and <NS type="RV"><i>prepare</i><c>make</c></NS> some sandwiches. The principal reason <NS type="UT"><i>for</i></NS> I'm <NS type="IV"><i>writting</i><c>writing</c></NS> <NS type="MT"><c>to</c></NS> you at the moment is that I want my money back, because I felt so <NS type="RJ"><i>disappointing</i><c>disappointed</c></NS> with the theatre and also with the play.</p>
          <p><NS type="DA"><i>Your</i><c>Yours</c></NS> <NS type="DY"><i>sincerelly</i><c>sincerely</c></NS>,</p>
         </coded_answer>
     </answer1>
     <answer2>
       <question_number>4</question_number>
       <exam_score>2.2</exam_score>
         <coded_answer>
          <p>It's a good question, because I <NS type="AS"><i><NS type="TV"><i>never had</i><c>never have</c></NS> asked it to myself</i><c>have never asked myself it</c></NS>. I think modern technology is changing <NS type="W"><i>so much my daily life</i><c>my daily life so much</c></NS> and also <NS type="UV"><i>is</i></NS> changing the <NS type="AGN"><i>life</i><c>lives</c></NS> of others like me.</p>
          <p>Before modern technologies arrived, you <NS type="TV"><i>can't</i><c>couldn't</c></NS> <NS type="S"><i>comunicate</i><c>communicate</c></NS> as <NS type="DY"><i>easy</i><c>easily</c></NS> as <NS type="W"><i>today we can do</i><c>we can do today</c></NS>.</p>
          <p>An example could be the Internet. It changed my life, because with it I can <NS type="RV"><i>discover</i><c>find</c></NS> more information than <NS type="M"><c>I can in</c></NS> a newspaper, and also information <NS type="RT"><i>of</i><c>from</c></NS> all around the world, <NS type="RA"><i>that</i><c>which</c></NS> <NS type="W"><i>possibly never I <NS type="TV"><i>can</i><c>could</c></NS></i><c>I could never possibly</c></NS> access without <NS type="MD"><c>the</c></NS> Internet. But, <NS type="MA"><c>it</c></NS> is not only news or information. You can <NS type="S"><i>comunicate</i><c>communicate</c></NS> with people <NS type="RT"><i>from</i><c>in</c></NS> <NS type="AGN"><i>place</i><c>places</c></NS> <NS type="SX"><i>were</i><c>where</c></NS> you <NS type="MV"><c>would</c></NS> never <NS type="UV"><i>can</i></NS> imagine <NS type="R"><i>to have a trip</i><c>going to</c></NS> because it <NS type="TV"><i>will</i><c>would</c></NS> be too expensive. An <NS type="RN"><i>extract</i><c>example</c></NS> could be the popular <NS type="RN"><i>chats</i><c>chat rooms</c></NS>, where people write with the keyboard what they want to tell. But, if you don't like <NS type="FV"><i>to use</i><c>using</c></NS> the keyboard to <NS type="RV"><i>tell</i><c>say</c></NS> something or <NS type="FV"><i><NS type="S"><i>comunicate</i><c>communicate</c></NS></i><c>to communicate</c></NS>, you can use video <NS type="RN"><i>conference</i><c>conferencing</c></NS>, a <NS type="S"><i>sistem</i><c>system</c></NS> <NS type="S"><i>wich</i><c>which</c></NS> <NS type="MV"><c>lets</c></NS> you <NS type="UV"><i>can</i></NS> talk with other people simply with a microphone and speakers. Also <NS type="MY"><c>there</c></NS> is the <NS type="RN"><i>possibility of</i><c>potential</c></NS> <NS type="FV"><i>download</i><c>to download</c></NS> things to your <NS type="RP"><i>pc</i><c>PC</c></NS> like software, pictures and<NS type="MP"><c>,</c></NS> also, music. The modern technologies <NS type="RV"><i>make me</i><c>mean I</c></NS> <NS type="MV"><c>am</c></NS> able to listen the music I've downloaded with the same quality as a CD, and if I buy a <NS type="DN">reproductor</NS>, I can <NS type="RV"><i>wear</i><c>carry</c></NS> this music <NS type="UT"><i>to</i></NS> <NS type="S"><i>everywere</i><c>everywhere</c></NS>.</p>
          <p>Also computers and mobile phones <NS type="TV"><i>had</i><c>have</c></NS> <NS type="IV"><i>evolutioned</i><c>evolved</c></NS> thanks to modern technologies. Without this evolution, we <NS type="MV"><c>would</c></NS> probably still <NS type="RV"><i>get</i><c>be</c></NS> <NS type="RT"><i>on</i><c>in</c></NS> <NS type="UD"><i>the</i></NS> ancient times. Who wants to return to <NS type="UD"><i>the</i></NS> ancient times? No electricity, no canalized water, no healthy water, no <NS type="UP"><i>TV's</i><c>TVs</c></NS>, no phones, no <NS type="UP"><i>PC's</i><c>PCs</c></NS>.. I'm afraid that the people <NS type="RT"><i>on</i><c>in</c></NS> <NS type="UD"><i>the</i></NS> ancient times lived although they <NS type="TV"><i>don't</i><c>didn't</c></NS> have <NS type="R"><i>anything</i><c>any</c></NS> of these things, but me and everyone <NS type="RT"><i>of</i><c>in</c></NS> <NS type="AGD"><i>this</i><c>these</c></NS> times, I'm afraid that we wouldn't like <NS type="FV"><i>return</i><c>to return</c></NS> to this life. <NS type="RY"><i>As well</i><c>Also</c></NS>, I think that modern technologies are necessary, but also I think that <NS type="MA"><c>they</c></NS> are <NS type="UY"><i>so</i></NS> expensive, but with time, the price goes down. So, if the price goes down <NS type="MA"><c>it</c></NS>  is because <NS type="RA"><i>anything</i><c>something</c></NS> new is at <NS type="R"><i>the moment for</i><c>available</c></NS> <NS type="FV"><i>sell</i><c>to sell</c></NS>. <NS type="MA"><i>Is</i><c>It is</c></NS> like a <NS type="UJ"><i>round</i></NS> <NS type="RN"><i>tour</i><c>circle</c></NS>.</p>
         </coded_answer>
     </answer2>
  </text>
</head></learner>
