<?xml version="1.0" encoding="UTF-8"?>
<learner><head sortkey="TR767*0102*2000*01">
  <candidate><personnel><language>Russian</language><age>16-20</age></personnel><score>20.0</score></candidate>
  <text>
     <answer1>
       <question_number>1</question_number>
       <exam_score>2.3</exam_score>
         <coded_answer>
          <p>Dear Sir or Madam.</p>
          <p>A few days ago I went to your theatre to see a musical show. Unfortunately I was very disappointed with it<NS type="RP"><i>,</i><c>;</c></NS> I was <NS type="TV"><i>expected</i><c>expecting</c></NS> <NS type="MD"><c>the</c></NS> <NS type="S"><i>opposit</i><c>opposite</c></NS>.</p>
          <p>First of all<NS type="MP"><c>,</c></NS> the advertisement where you <NS type="TV"><i>have advertised</i><c>advertised</c></NS> your <NS type="RN"><i>program</i><c>show</c></NS> and what the theatre <NS type="TV"><i>was providing</i><c>provides</c></NS> <NS type="U"><i>for you</i></NS> is <NS type="DY"><i>totaly</i><c>totally</c></NS> wrong.</p>
          <p><NS type="R"><i>A</i><c>I</c></NS> came to <NS type="RV"><i>look at</i><c>see</c></NS> my <NS type="S"><i>favorit</i><c>favourite</c></NS> actors Danny Brook and Tina Truelove, but <NS type="M"><c>the actors</c></NS> whom I saw were <NS type="AGQ"><i>another</i><c>other</c></NS> people. Another thing is that I took a particular amount of money to buy <NS type="UD"><i>a</i></NS> tickets and when I <NS type="S"><i>apeared</i><c>appeared</c></NS> <NS type="S"><i>infrant</i><c>in front</c></NS> of <NS type="MD"><c>the</c></NS> <NS type="DN"><i>casses</i><c>ticket desk</c></NS> I found out that the cost of <NS type="MD"><c>the</c></NS> tickets <NS type="RT"><i>on</i><c>in</c></NS> your advertisement and <NS type="MD"><c>the</c></NS> real price <NS type="AGV"><i>wasn't</i><c>weren't</c></NS> the same, <NS type="MD"><c>the</c></NS> real price was much higher. Also <NS type="MD"><c>the</c></NS> show started very late <NS type="TV"><i><NS type="SX"><i>compere</i><c>compare</c></NS></i><c>compared</c></NS> to what was <NS type="IV"><i>writen</i><c>written</c></NS> <NS type="RT"><i>on</i><c>in</c></NS> the advertisement. And I think you know how it is just <NS type="FV"><i>sit</i><c>sitting</c></NS> and <NS type="FV"><i>wait</i><c>waiting</c></NS> for <NS type="L"><i>45min.</i><c>45 minutes</c></NS> <NS type="S"><i>befor</i><c>before</c></NS> the <NS type="S"><i>beggining</i><c>beginning</c></NS>?</p>
          <p>So, after all of that, I wanted to have a nice relaxing <NS type="RN"><i>diner</i><c>dinner</c></NS> in your restaurant<NS type="RP"><i>,</i><c>.</c></NS> I was very angry when I <NS type="S"><i>apeared</i><c>appeared</c></NS> <NS type="S"><i>infrant</i><c>in front</c></NS> of closed doors and there was a notice<NS type="UP"><i>,</i></NS> that the restaurant wasn't <NS type="R"><i>working</i><c>open</c></NS>.</p>
          <p>In fact <NS type="M"><c>I am</c></NS> writing to you <NS type="W"><i>just with</i><c>with just</c></NS> one main <NS type="RN"><i>reason</i><c>aim</c></NS>. I'll be really <NS type="RJ"><i>delightful</i><c>delighted</c></NS> to <NS type="S"><i>resive</i><c>receive</c></NS> <NS type="W"><i>back the money</i><c>the money back</c></NS> for my ticket.</p>
          <p>I'm looking <NS type="S"><i>forword</i><c>forward</c></NS> <NS type="MT"><c>to</c></NS> hearing from you.</p>
          <p><NS type="DY"><i>Faithfuly</i><c>Faithfully</c></NS> yours</p>
          <p>Lena Jarova</p>
         </coded_answer>
     </answer1>
     <answer2>
       <question_number>4</question_number>
       <exam_score>2.2</exam_score>
         <coded_answer>
          <p>Begin at the <NS type="S"><i>begining</i><c>beginning</c></NS>. Look at <NS type="MD"><c>the</c></NS> <NS type="RJ"><i>historical</i><c>history</c></NS> books <NS type="MT"><c>for</c></NS> 400-600 years ago, or even <NS type="RT"><i>in</i><c>for</c></NS> <NS type="MD"><c>the</c></NS> time of <NS type="MD"><c>the</c></NS> First and Second World <NS type="AGN"><i>War</i><c>Wars</c></NS>, <NS type="MV"><c>to see</c></NS> how <NS type="UV"><i>are</i></NS> <NS type="S"><i>sociaty</i><c>society</c></NS> <NS type="TV"><i>changed</i><c>has changed</c></NS>, just because we <NS type="UV"><i>did</i></NS> <NS type="TV"><i>step</i><c>stepped</c></NS> up <NS type="UT"><i>in</i></NS> the <NS type="M"><c>advance of</c></NS> science and technology.</p>
          <p><NS type="ID"><i>In one hand</i><c>On the one hand</c></NS> <NS type="FN"><i>scientist</i><c>scientists</c></NS> <NS type="TV"><i>discovered</i><c>have discovered</c></NS> a lot of <NS type="S"><i>medisent</i><c>medicines</c></NS> <NS type="RT"><i>from</i><c>for</c></NS> different <NS type="IN"><i>illneses</i><c>illnesses</c></NS>, but <NS type="ID"><i>in an <NS type="S"><i>enother</i><c>another</c></NS> hand</i><c>on the other hand</c></NS> they discovered many <NS type="IN"><i>illneses</i><c>illnesses</c></NS> <NS type="W"><i>about which we <NS type="TV"><i>haven't</i><c>hadn't</c></NS> <NS type="SX"><i>herd</i><c>heard</c></NS></i><c>which we hadn't heard about</c></NS> before. I think this <NS type="R">side of the question is balanced</NS> because before <NS type="MD"><c>the</c></NS> effect on our health was less than it is now. More and more people <NS type="TV"><i>died</i><c>die</c></NS> from some <NS type="AGN"><i>illness</i><c>illnesses</c></NS> <NS type="S"><i>wheres</i><c>whereas</c></NS> <NS type="MD"><c>a</c></NS> long time ago <NS type="CQ"><i>less</i><c>fewer</c></NS> people died from <NS type="M"><c>the same</c></NS> <NS type="IN"><i>illneses</i><c>illnesses</c></NS>, <NS type="S"><i>dispite</i><c>despite</c></NS> <NS type="RD"><i>that</i><c>the</c></NS> fact that they had <NS type="CQ"><i>less</i><c>fewer</c></NS> <NS type="S"><i>medisent</i><c>medicines</c></NS>.</p>
          <p>However<NS type="MP"><c>,</c></NS> technology <NS type="S"><i>nowerdays</i><c>nowadays</c></NS> <NS type="TV"><i><NS type="S"><i>impoved</i><c>improved</c></NS></i><c>has improved</c></NS> so much and it <NS type="TV"><i>changed</i><c>has changed</c></NS> our <NS type="AGN"><i>life</i><c>lives</c></NS> a lot. Today we can't even think how we could possibly <NS type="RV"><i>leave</i><c>live</c></NS> without computers or without <NS type="SA"><i>airplanes</i><c>aeroplanes</c></NS>. <NS type="MD"><i>Computer</i><c>The computer</c></NS> <NS type="UA"><i>it</i></NS> is our way of <NS type="W"><i>with <NS type="MD"><c>the</c></NS> outside world <NS type="FV"><i><NS type="S"><i>comunicat</i><c>communicate</c></NS></i><c>communicating</c></NS></i><c>communicating with the outside world</c></NS>, <NS type="S"><i>wheres</i><c>whereas</c></NS> with <NS type="SA"><i>airplanes</i><c>aeroplanes</c></NS> we can <NS type="SX"><i>rich</i><c>reach</c></NS> our parents<NS type="R"><i>,</i><c> and</c></NS> friends easily and much faster<NS type="UP"><i>,</i></NS> <NS type="SX"><i>then</i><c>than</c></NS> <NS type="W"><i>if we would</i><c>we would if</c></NS> <NS type="MA"><c>we</c></NS> <NS type="TV"><i>use</i><c>used</c></NS> <NS type="SX"><i>bouts</i><c>boats</c></NS> or trains. <NS type="RP"><i>Everyday</i><c>Every day</c></NS> <NS type="AGN"><i>scientist</i><c>scientists</c></NS> and <NS type="AGN"><i><NS type="S"><i>technologyst</i><c>technologist</c></NS></i><c>technologists</c></NS> discover and produce more and more new things and <NS type="RA"><i>it</i><c>that</c></NS> is good<NS type="RP"><i>, it</i><c>. It</c></NS> has to be like that, we have to <NS type="RV"><i>do</i><c>go</c></NS> <NS type="S"><i>forword</i><c>forward</c></NS> not <NS type="R"><i>behind</i><c>backward</c></NS> from the point where we are now.</p>
          <p>Society has to go <NS type="S"><i>forword</i><c>forward</c></NS> not to stop <NS type="RT"><i>on</i><c>in</c></NS> one place.</p>
         </coded_answer>
     </answer2>
  </text>
</head></learner>
