<?xml version="1.0" encoding="UTF-8"?>
<learner><head sortkey="TR1114*0102*2000*01">
  <candidate><personnel><language>Spanish</language><age>16-20</age></personnel><score>34.0</score></candidate>
  <text>
     <answer1>
       <question_number>1</question_number>
       <exam_score>5.2</exam_score>
         <coded_answer>
          <p>TO THE MANAGER OF "THE CIRCLE THEATRE" AFTER FINISHING A STRESSFUL YEAR AT SCHOOL, I TOOK A SHORT HOLIDAY, <NS type="R"><i>WHOSE</i><c>AND ITS</c></NS> "SPLENDID ENDING" WAS A WEEK IN LONDON<NS type="RP"><i>,</i><c>.</c></NS> WHILE I WAS THERE, I SAW A VERY ATTRACTIVE SIGN: <NS type="W"><i>THE "OVER THE RAINBOW"</i><c>"OVER THE RAINBOW" THE</c></NS> MUSICAL <NS type="UN"><i>SHOW</i></NS> WAS <NS type="TV"><i>BEING PLAYED</i><c>PLAYING</c></NS> AT YOUR THEATRE, MOREOVER, THE WONDERFUL DANNY BROOK WAS THE <NS type="RN"><i>PROTAGONIST</i><c>STAR</c></NS> <NS type="RT"><i>OF</i><c>IN</c></NS> IT. SADLY, I DECIDED TO GO, ALONG WITH MY GIRLFRIEND, BUT THE PROBLEMS STARTED EVEN BEFORE THE SHOW, WHEN WE WANTED TO BUY THE TICKETS. WE ASKED ABOUT "THE DISCOUNTS" THAT WERE OFFERED IN THE ADVERTISEMENT AND THE ONLY THING THAT THE LADY WHO WAS SELLING <NS type="M"><c>THE TICKETS</c></NS> COULD SAY WAS: WHAT DISCOUNTS? THEN, WE MOVED INSIDE THE THEATRE AND WE HAD TO WAIT 45 MINUTES UNTIL THE SHOW BEGAN!!, WHILE WE WERE WAITING, WE THOUGHT WE COULD GO TO THE RESTAURANT AFTER THE EVENT, AND THEN<NS type="UP"><i>,</i></NS> WE REALIZED IT WAS CLOSED. BY THE TIME THE SHOW STARTED, WE WERE SO ANGRY THAT THE ONLY THING I REMEMBER IS THAT DANNY BROOK WASN'T ACTING. I THINK YOU HAVE ALREADY REALIZED THAT IT WASN'T A PLEASURE FOR US TO SEE THE SHOW, SO I HOPE YOU <NS type="TV"><i>COULD</i><c>CAN</c></NS> GIVE ME OUR MONEY BACK, IF YOU CAN'T, PLEASE, AT LEAST GIVE ME AN EXPLANATION. YOURS FAITHFULLY</p>
         </coded_answer>
     </answer1>
     <answer2>
       <question_number>4</question_number>
       <exam_score>4.3</exam_score>
         <coded_answer>
          <p>HOW HAS MODERN TECHNOLOGY CHANGED YOUR DAILY LIFE?</p>
          <p>THE HISTORY OF THE HUMAN <NS type="RN"><i>BEING</i><c>RACE</c></NS> IS THE HISTORY OF <NS type="R"><i>THE CONQUER OF THE WORLD</i><c>WORLD CONQUEST</c></NS><NS type="RP"><i>,</i><c>.</c></NS> THAT SAID, TECHNOLOGY HAS ADVANCED <NS type="S"><i>CONTINOUSLY</i><c>CONTINUOUSLY</c></NS> SINCE THE <NS type="S"><i>BEGGINING</i><c>BEGINNING</c></NS> OF MAN'S <NS type="DN"><i>EVOLUTIVE PROCESS</i><c>EVOLUTION</c></NS><NS type="RP"><i>,</i><c>.</c></NS> FURTHERMORE, DURING THE LAST TWO CENTURIES, THERE HAS BEEN AN ENORMOUS TECHNOLOGICAL EXPLOSION<NS type="RP"><i>,</i><c>.</c></NS> WHILE THE XIX CENTURY GAVE US THE STEAM <NS type="RN"><i>MACHINE</i><c>ENGINE</c></NS>, <NS type="UD"><i>THE</i></NS> FACTORIES AND THE ELECTRIC <NS type="MN"><c>LIGHT</c></NS> BULB, THIS CENTURY HAS GIVEN US <NS type="UD"><i>THE</i></NS> NUCLEAR ENERGY (AND SADLY <NS type="UD"><i>THE</i></NS> ATOMIC WEAPONS), THE COMPUTER, <NS type="MD"><c>THE</c></NS> INTERNET AND <NS type="UD"><i>THE</i></NS> TELEVISION.</p>
          <p>TODAY, I CAN <NS type="RV"><i>TAKE</i><c>DO</c></NS> MOST OF MY <NS type="UP"><i>SCHOOL'S</i><c>SCHOOL</c></NS> <NS type="CN"><i>HOMEWORKS</i><c>HOMEWORK</c></NS> <NS type="RT"><i>FROM</i><c>WITH</c></NS> THE COMPUTER ENCYCLOPAEDIA AND IT DOESN'T <NS type="DV"><i>WEIGHT</i><c>WEIGH</c></NS> MORE THAN AN APPLE! I CAN READ ALL THE NEWS AS SOON AS <NS type="AGA"><i>THEY</i><c>IT</c></NS> <NS type="AGV"><i>HAPPEN</i><c>HAPPENS</c></NS> <NS type="RT"><i>AT</i><c>IN</c></NS> THE VIRTUAL NEWSPAPERS AND I CAN TALK WITH MY FOREIGN FRIENDS THANKS TO THE ICQ PROGRAM<NS type="RP"><i>,</i><c>.</c></NS> I HAD NEVER USED <NS type="MD"><c>THE</c></NS> INTERNET BEFORE, BUT IT HAS CHANGED MY ENTIRE LIFE, AND IT IS MUCH BETTER THAN IT USED TO BE.</p>
         </coded_answer>
     </answer2>
  </text>
</head></learner>
