<?xml version="1.0" encoding="UTF-8"?>
<learner><head sortkey="TR115*0102*2000*01">
  <candidate><personnel><language>Thai</language><age>26-30</age></personnel><score>23.0</score></candidate>
  <text>
     <answer1>
       <question_number>1</question_number>
       <exam_score>3.1</exam_score>
         <coded_answer>
          <p>17 June 2000</p>
          <p>Dear Sir/Madam,</p>
          <p>I am writing to complain about a musical show on <NS type="MD"><c>the</c></NS> <NS type="MP"><i>10</i><c>10th</c></NS> of June, and I was very <NS type="S"><i>disappinted</i><c>disappointed</c></NS>.</p>
          <p>I was promised that the <NS type="DN"><i>starring</i><c>star</c></NS> was Danny Brock but when I was there I saw <NS type="UY"><i>just</i></NS> <NS type="RQ"><i>other</i><c>another</c></NS> <NS type="DN"><i>starring</i><c>star</c></NS> that was completely <NS type="DJ"><i>difference</i><c>different</c></NS> from <NS type="M"></NS> your <NS type="S"><i>brochar</i><c>brochure</c></NS>. To make the matter worse, I <NS type="TV"><i>was travelling</i><c>had travelled</c></NS> to London to see this famous <NS type="DN"><i>starring</i><c>star</c></NS> but I didn't see any shows <NS type="RT"><i>of</i><c>with</c></NS> <NS type="AGA"><i>them</i><c>him</c></NS>. It <NS type="AGV"><i>make</i><c>makes</c></NS> me a bit angry.</p>
          <p>According <NS type="RT"><i>in</i><c>to</c></NS> your <NS type="S"><i>brochour</i><c>brochure</c></NS>, <NS type="AS"><i>it was started to show</i><c>the show would start</c></NS> at 19.30 p.m. but it <NS type="TV"><i>was started</i><c>started</c></NS> at 20.15 p.m. I wanted to sleep and <NS type="M"><c>it was</c></NS> very <NS type="S"><i>anoying</i><c>annoying</c></NS>. More than that, when I bought the ticket I didn't get any <NS type="FN"><i>discounts</i><c>discount</c></NS>. I had to pay full <NS type="S"><i>prise</i><c>price</c></NS>.</p>
          <p>I was promised that after <NS type="MD"><c>the</c></NS> show I could go to <NS type="MD"><c>the</c></NS> theatre restaurant but due to <NS type="M"><c>the show</c></NS> <NS type="FV"><i>started</i><c>starting</c></NS> late <NS type="RA"><i>we</i><c>it</c></NS> <NS type="S"><i>aslo</i><c>also</c></NS> finished late<NS type="MP"><c>,</c></NS> therefore, when I went to the restaurant they were <NS type="RY"><NS type="S"><i>deffinately</i><c>definitely</c></NS></NS> closed. I was very hungry and tired. You said that it was a perfect evening out but it wasn't like that.</p>
          <p>I would like <NS type="MA"><c>you</c></NS> to refund some <NS type="M"><c>of my</c></NS> money <NS type="UY"><i>back</i></NS>. I paid <NS type="W"><i>for the show £ 50.00</i><c>£ 50.00 for the show</c></NS><NS type="MP"><c>.</c></NS> I also have a <NS type="SX"><i>recite</i><c>receipt</c></NS> to prove it. I would like you to give my money back as soon as possible.</p>
          <p>I am looking forward to hearing from you.</p>
          <p>Yours faithfully,</p>
          <p>Phukana Najee</p>
         </coded_answer>
     </answer1>
     <answer2>
       <question_number>2</question_number>
       <exam_score>3.2</exam_score>
         <coded_answer>
          <p>Unfortunately, Pat wasn't very good at keeping secrets.</p>
          <p>I have a really good<NS type="UP"><i>,</i></NS> <NS type="S"><i>freind</i><c>friend</c></NS>, Pat who I <NS type="TV"><i>was trusted</i><c>trusted</c></NS> and counted on <NS type="UA"><i>her</i></NS>. I have <NS type="TV"><i>know</i><c>known</c></NS> her for five years. <NS type="RP"><i>and</i><c>And</c></NS> we <NS type="UV"><i>were</i></NS> <NS type="TV"><i>love</i><c>loved</c></NS> each other very much.</p>
          <p>One day, I <NS type="TV"><i>was falling</i><c>fell</c></NS> in love with <NS type="MD"><c>my</c></NS> closest <NS type="S"><i>freind</i><c>friend</c></NS>. I went out with him sometimes and we were happy. My <NS type="RP"><i>boy <NS type="S"><i>freind</i><c>friend</c></NS></i><c>boyfriend</c></NS> was very handsome, clever and very polite. We were <NS type="FV"><i><NS type="S"><i>stedy</i><c>study</c></NS></i><c>studying</c></NS> <NS type="RT"><i>at</i><c>in</c></NS> the same class at school and he also <NS type="IV"><i>knowed</i><c>knew</c></NS> Pat as well. Personally, I wanted to keep <NS type="MA"><c>it</c></NS> <NS type="S"><i>serets</i><c>secret</c></NS> because I <NS type="MV"><c>was</c></NS> afraid that we might <NS type="TV"><i>have <NS type="IV"><i>splited</i><c>split</c></NS></i><c>split</c></NS> up. And I would like to make sure that he <NS type="UV"><i>was</i></NS> <NS type="S"><i>relly</i><c>really</c></NS> <NS type="TV"><i>love</i><c>loved</c></NS> me. My <NS type="RP"><i>boy <NS type="S"><i>freind</i><c>friend</c></NS></i><c>boyfriend</c></NS> told me that he wanted to surprise his <NS type="S"><i>freind</i><c>friend</c></NS> in his class when <NS type="ID"><i>the times <NS type="TV"><i><NS type="AGV"><i>comes</i><c>come</c></NS></i><c>came</c></NS></i><c>the time came</c></NS>.</p>
          <p>To be honest, I wanted to share this <NS type="S"><i>felling</i><c>feeling</c></NS> <NS type="RT"><i>to</i><c>with</c></NS> someone else but I needed to keep <NS type="MA"><c>it</c></NS> very secret. I felt unhappy sometimes.</p>
          <p>One day I decided to tell my best <NS type="S"><i>freind</i><c>friend</c></NS> - Pat<NS type="MP"><c>,</c></NS> who I <NS type="S"><i>realio-on</i><c>relied on</c></NS> <NS type="UA"><i>her</i></NS>. I told her everything <NS type="S"><i>abat</i><c>about</c></NS> my <NS type="S"><i>boyfreind</i><c>boyfriend</c></NS> and when we <NS type="TV"><i>were met</i><c>met</c></NS> each other and <NS type="S"><i>evertauly</i><c>eventually</c></NS> <NS type="UA"><i>we</i></NS> <NS type="TV"><i>were falling</i><c>fell</c></NS> in love. After I told her I felt my feeling had been released and I was happy. I also told her to keep <NS type="MA"><c>it</c></NS> very secret<NS type="MC"><c>and</c></NS> <NS type="UV"><i>didn't</i><c>not</c></NS> tell anyone in the class.</p>
          <p>On Monday morning, I walked into the class and all of my <NS type="AGN"><i><NS type="S"><i>freind</i><c>friend</c></NS></i><c>friends</c></NS> <NS type="AGV"><i>was</i><c>were</c></NS> shouting at me and <NS type="FV"><i>called</i><c>calling</c></NS> my name and <NS type="MV"></NS> my <NS type="S"><i>boyfreind</i><c>boyfriend</c></NS>. I was <NS type="RY"><i>absolutely</i><c>very</c></NS> <NS type="S"><i>ambaressed</i><c>embarrassed</c></NS> and I wanted to <NS type="FV"><i>ran</i><c>run</c></NS> out of the class.</p>
          <p>I felt very angry <NS type="RT"><i>to</i><c>with</c></NS> Pat and I shouldn't have told her about my <NS type="RP"><i>boy friend</i><c>boyfriend</c></NS>. I felt regret but <NS type="M"><c>it was</c></NS> too late<NS type="MP"><i> it</i><c>. It</c></NS> wasn't <NS type="MD"><c>a</c></NS> secret <NS type="RP"><i>any more</i><c>anymore</c></NS> now.</p>
         </coded_answer>
     </answer2>
  </text>
</head></learner>
