<?xml version="1.0" encoding="UTF-8"?>
<learner><head sortkey="TR788*0102*2000*01">
  <candidate><personnel><language>Portuguese</language><age>16-20</age></personnel><score>26.0</score></candidate>
  <text>
     <answer1>
       <question_number>1</question_number>
       <exam_score>2.3</exam_score>
         <coded_answer>
          <p>Dear manager,</p>
          <p>My name is Joseph and I am writing this letter to complain about the <NS type="RN"><i>mass</i><c>mess</c></NS> that the <NS type="S"><i>adimnistration</i><c>administration</c></NS> of the Circle theatre presented to me.</p>
          <p>Last week my son and I went to see Over the rainbow at the Circle theatre. We paid to see Danny Brook, my son's <NS type="SA"><i>favorite</i><c>favourite</c></NS> actor, but we <NS type="RV"><i><NS type="TV"><i>seems</i><c>seemed</c></NS></i><c>were</c></NS> quite <NS type="RJ"><i>disappointing</i><c>disappointed</c></NS><NS type="RP"><i>, my</i><c>. My</c></NS> son was very happy because he would see <NS type="W"><i>for the first time his <NS type="SA"><i>favorite</i><c>favourite</c></NS> actor</i><c>his favourite actor for the first time</c></NS>. However<NS type="MP"><c>,</c></NS> <NS type="RA"><i>it's</i><c>that's</c></NS> just the <NS type="S"><i>begining</i><c>beginning</c></NS> of the problems we had. Expecting <NS type="UD"><i>the</i></NS> <NS type="S"><i>britan</i><c>British</c></NS> <NS type="S"><i>pontuality</i><c>punctuality</c></NS><NS type="MP"><c>,</c></NS> we went to the theatre at 19:00 to <NS type="S"><i>wath</i><c>watch</c></NS> the 19:30 <NS type="RN"><i>section</i><c>show</c></NS> but it only <NS type="TV"><i>starts</i><c>started</c></NS> at 20:15<NS type="RP"><i>, it</i><c>. It</c></NS> finished later than it was <NS type="S"><i>suposed</i><c>supposed</c></NS> to and then we missed the train. I <NS type="TV"><i>haven't seen</i><c>didn't see</c></NS> any discounts available<NS type="RP"><i>,</i><c>;</c></NS> I <NS type="SX"><i>though</i><c>thought</c></NS> my son would <NS type="TV"><i><NS type="IV"><i>payed</i><c>paid</c></NS></i><c>have paid</c></NS> less than I. As we had <NS type="S"><i>alredy</i><c>already</c></NS> missed the first <NS type="MN"></NS> we went <NS type="RT"><i>at</i><c>to</c></NS> the theatre restaurant<NS type="MP"><c>,</c></NS> <NS type="RA"><i>that</i><c>which</c></NS> is famous for <NS type="R"><i>the</i><c>its</c></NS> good food, however<NS type="MP"><c>,</c></NS> it was closed.</p>
          <p><NS type="ID"><i>In spite of</i><c>Because of</c></NS> this, <NS type="MD"><c>the</c></NS> <NS type="FJ"><i>less</i><c>least</c></NS> you can do for us is to give <NS type="MA"><c>me</c></NS> my money back and work hard so that this <NS type="SA"><i>theater</i><c>theatre</c></NS><NS type="MP"><c>,</c></NS> <NS type="RA"><i>that</i><c>which</c></NS> is <NS type="S"><i>famouis</i><c>famous</c></NS> <NS type="RT"><i>about</i><c>for</c></NS> its beauty and <NS type="S"><i>pontuality</i><c>punctuality</c></NS> <NS type="AGV"><i>don't</i><c>doesn't</c></NS> become famous <NS type="RT"><i>about</i><c>for</c></NS> <NS type="DD"><i>it</i><c>its</c></NS> <NS type="S"><i>desorganized</i><c>disorganised</c></NS> shows.</p>
          <p>Thanks,</p>
         </coded_answer>
     </answer1>
     <answer2>
       <question_number>3</question_number>
       <exam_score>3.3</exam_score>
         <coded_answer>
          <p>People have seen in the last 10 years how <NS type="S"><i>diferent</i><c>different</c></NS> our clothes <NS type="RV"><i>had</i><c>can</c></NS> become <NS type="UT"><i>to</i></NS>. Clothes <NS type="UA"><i>that</i></NS> used to be made of <NS type="S"><i>coton</i><c>cotton</c></NS>, but nowadays we can see shirts, pants<NS type="MP"><c>,</c></NS> socks....made of almost <NS type="RA"><i>everything</i><c>anything</c></NS>. It is a revolution in <NS type="UD"><i>the</i></NS> fashion that is starting now. Nowadays we have <NS type="DV">drifit</NS> a kind of clothes that keep the temperature of our <NS type="AGN"><i>body</i><c>bodies</c></NS> <NS type="M"></NS>, <NS type="MC"><c>and</c></NS> clothes that don't get wet or even dirty. Computers <NS type="R"><i>that make some</i><c>are</c></NS> little things <NS type="U"><i>for us</i></NS> nowadays, but at the speed at <NS type="MA"><c>which</c></NS> <NS type="S"><i>tecnology</i><c>technology</c></NS> <NS type="RV"><i>goes</i><c>develops</c></NS><NS type="MP"><c>,</c></NS> in the next century <NS type="UD"><i>those</i></NS> clothes will tell our doctors <NS type="MT"><c>about</c></NS> our <NS type="S"><i>healt</i><c>health</c></NS> at any moment, any time, <NS type="RP"><i>any where</i><c>anywhere</c></NS>, people will be able to locate us <NS type="S"><i>arround</i><c>around</c></NS> the world. In the future we won't <NS type="SX"><i>by</i><c>buy</c></NS> clothes <NS type="RT"><i>by</i><c>according to</c></NS> size or even <NS type="SA"><i>color</i><c>colour</c></NS><NS type="RP"><i>, our</i><c>. Our</c></NS> clothes will adapt to our <NS type="AGN"><i>body</i><c>bodies</c></NS>, the weather, our <NS type="RN">fit</NS> <NS type="UC"><i>so</i></NS>, <NS type="MQ"><c>all</c></NS> our <NS type="RN"><i>necessities</i><c>needs</c></NS>. It <NS type="TV"><i>already started</i><c>has already started</c></NS> and <NS type="X"><i>don't have</i><c>has no</c></NS> <NS type="S"><i>limites</i><c>limits</c></NS> <NS type="UV"><i>to go</i></NS>.</p>
         </coded_answer>
     </answer2>
  </text>
</head></learner>
