<?xml version="1.0" encoding="UTF-8"?>
<learner><head sortkey="TR341*0102*2000*01">
  <candidate><personnel><language>French</language><age>21-25</age></personnel><score>24.0</score></candidate>
  <text>
     <answer1>
       <question_number>1</question_number>
       <exam_score>3.1</exam_score>
         <coded_answer>
          <p>lausanne, the 17th of June 2000</p>
          <p>Dear Sir,</p>
          <p>Last weekend, I <NS type="TV"><i>have been</i><c>was</c></NS> in London with my friend and I saw your musical show "over the Rainbow".</p>
          <p>I write this letter to you <NS type="UT"><i>for</i></NS> <NS type="RV"><i><NS type="FV"><i>explain</i><c>to explain</c></NS></i><c>to describe</c></NS> <NS type="R"><i>my</i><c>the</c></NS> very bad evening I have <NS type="RV"><i>passed</i><c>had</c></NS> in <NS type="MD"><c>your</c></NS> theatre. <NS type="RT"><i>On</i><c>In</c></NS> the paper it was <NS type="TV"><i><NS type="IV"><i>writting</i><c>writing</c></NS></i><c>written</c></NS> <NS type="MC"><c>that</c></NS> the principal actor is "Danny Brook" but it wasn't him, it was a different actor <NS type="RA"><i>that</i><c>whom</c></NS> we <NS type="TV"><i>have</i><c>had</c></NS> never seen, <NS type="RC"><i>and</i><c>or</c></NS> heard. I think it's really not <NS type="RJ"><i>correct</i><c>right</c></NS>.</p>
          <p>They <NS type="TV"><i><NS type="RV"><i>haven't</i><c>don't</c></NS></i><c>didn't</c></NS> respect the timetable, the show <NS type="RV"><i>had</i><c>was meant</c></NS> to <NS type="FV"><i>begun</i><c>begin</c></NS> at 19:30 and <NS type="RA"><i>he</i><c>it</c></NS> started at 20:15<NS type="MP"><i> how</i><c>. How</c></NS> can you explain this <NS type="RN"><i>fault</i><c>mistake</c></NS>?!</p>
          <p>But <NS type="R"><i>it's</i><c>I am</c></NS> not <NS type="TV"><i>finish</i><c>finished</c></NS><NS type="MP"><c>,</c></NS> you wrote <NS type="RT"><i>on</i><c>in</c></NS> the paper "Discounts available" but it wasn't true<NS type="RP"><i>,</i><c>;</c></NS> it was <NS type="UD"><i>a</i></NS> very badly <NS type="DV"><i>organisation</i><c>organised</c></NS>. After this bad show we had <NS type="TV"><i>want</i><c>wanted</c></NS> to go to the Restaurant for <NS type="MD"><c>a</c></NS> <NS type="RN"><i>drunk</i><c>drink</c></NS> and <NS type="FV"><i>ate</i><c>to eat</c></NS> something and it was closed and nobody <NS type="TV"><i>had explained</i><c>explained</c></NS> <NS type="MT"><c>to</c></NS> us why the Restaurant wasn't open.</p>
          <p>So, I'm very angry when I think about this evening, and I want to have my money back. I think it's the minimum you have to do for me.</p>
          <p>Thank you in advance.</p>
         </coded_answer>
     </answer1>
     <answer2>
       <question_number>2</question_number>
       <exam_score>2.3</exam_score>
         <coded_answer>
          <p>SCHOOLS ENGLISH LANGUAGE MAGAZINE</p>
          <p>Unfortunately, Pat wasn't very good at keeping secrets, this <NS type="S"><i>sentance</i><c>sentence</c></NS> is very popular in our school. Pat is not an <NS type="RJ">angry</NS> girl. She is very friendly but she can't keep a secret. Last year, on a Saturday evening<NS type="MP"><c>,</c></NS> my boyfriend <NS type="TV"><i>phone</i><c>phoned</c></NS> me at 20 h <NS type="UN"><i>o'clock</i></NS> and said <NS type="MT"><c>to</c></NS> me, "Would you like to go to the cinema with me<NS type="MP"><c>.</c></NS>" I asked my parents but <NS type="SX"><i>the</i><c>they</c></NS> said <NS type="MT"><c>to</c></NS> me<NS type="MP"><c>,</c></NS> "No<NS type="MP"><c>,</c></NS> you can't go to the cinema, tomorrow you have school.<NS type="MP"><c>"</c></NS> Then I <NS type="TV"><i>phone</i><c>phoned</c></NS> <NS type="UT"><i>to</i></NS> Pat <NS type="UT"><i>for</i></NS> <NS type="FV"><i>explain</i><c>to explain</c></NS> my big problem. Pat said to me<NS type="MP"><c>,</c></NS> "You <NS type="TV"><i>said</i><c>say</c></NS> to your parents that you <NS type="MV"><c>will</c></NS> sleep <NS type="RT"><i>by</i><c>with</c></NS> me and you <NS type="RV"><i>don't</i><c>aren't</c></NS> <NS type="FV"><i>go</i><c>going</c></NS> to the cinema.<NS type="MP"><c>"</c></NS> I asked my parents and they said<NS type="MP"><i> alright</i><c>, "Alright</c></NS> you can go to <NS type="MP"><i>Pat</i><c>Pat's</c></NS> <NS type="UT"><i>for</i></NS> <NS type="FV"><i>sleeping</i><c>to sleep</c></NS>.<NS type="MP"><c>"</c></NS> I was very happy, I <NS type="TV"><i>phone</i><c>phoned</c></NS> <NS type="UT"><i>to</i></NS> my boyfriend and I <NS type="RV"><i>explained</i><c>told</c></NS> him my secret<NS type="MP"><i> he</i><c>. He</c></NS> said<NS type="MP"><i> <NS type="S"><i>allright</i><c>alright</c></NS></i><c>, "Alright,</c></NS> so at nine o'clock in front of the cinema". I <NS type="RV"><i>passed</i><c>spent</c></NS> a really beautiful evening with Pat and my boyfriend in the cinema, but on Sunday my mother <NS type="TV"><i>phone</i><c>phoned</c></NS> Pat's mother and Pat's mother <NS type="TV"><i>explain</i><c>explained</c></NS> <NS type="W"><i><NS type="RJ"><i>all</i><c>whole</c></NS> the</i><c>the whole</c></NS> story to my mother. If Pat <NS type="S"><i>haden't</i><c>hadn't</c></NS> <NS type="AS"><i><NS type="RV"><i>say</i><c>told</c></NS> the secret to her mother</i><c>told her mother the secret</c></NS> I would <NS type="UV"><i>be</i></NS> <NS type="MY"><c>not</c></NS> <NS type="TV"><i>have</i><c>have had</c></NS> <NS type="UY"><i>no</i></NS> <NS type="MD"><c>a</c></NS> problem. Since <NS type="RD"><i>this</i><c>that</c></NS> Saturday evening I <NS type="TV"><i>had</i><c>have</c></NS> never <NS type="TV"><i>speaking</i><c>spoken</c></NS> <NS type="RT"><i>with</i><c>to</c></NS> Pat.</p>
         </coded_answer>
     </answer2>
  </text>
</head></learner>
