<?xml version="1.0" encoding="UTF-8"?>
<learner><head sortkey="TR710*0102*2000*02">
  <candidate><personnel><language>Russian</language><age>16-20</age></personnel><score>26.00</score></candidate>
  <text>
     <answer1>
       <question_number>1</question_number>
       <exam_score>2.3T</exam_score>
         <coded_answer>
          <p>Dear Ms J. Clark,</p>
          <p>I am writing to you to thank <NS type="MA"><c>you</c></NS> for <NS type="MD"><c>your</c></NS> <NS type="RY"><i>so</i><c>very</c></NS> good organisation of <NS type="MD"><c>the</c></NS> International Arts Festival, where <NS type="TV"><i>I'd spent</i><c>I spent</c></NS> two <NS type="S"><i>exellent</i><c>excellent</c></NS> days recently.</p>
          <p>I would like to inform you <NS type="S"><i>whed</i><c>that</c></NS> the idea was great and I hope that <NS type="CE">so needful for people events</NS> <NS type="TV"><i>would become</i><c>will become</c></NS> a good tradition in our country. I think that providing such festivals could help people to be <NS type="RT"><i>in</i><c>at</c></NS> the centre of cultural life of the world and to have enough information about <NS type="UD"><i>the</i></NS> new <NS type="DJ"><i>art</i><c>artistic</c></NS> styles<NS type="MP"><c>.</c></NS></p>
          <p>But I hope that next year <NS type="S"><i>visitores</i><c>visitors</c></NS> <NS type="RT"><i>of</i><c>to</c></NS> <NS type="MD"><c>the</c></NS> festival <NS type="TV"><i>would be</i><c>will be</c></NS> able to <NS type="TV"><i>introduce</i><c>be introduced</c></NS> <NS type="RT"><i>with</i><c>to</c></NS> more art groups from all over the world. I suggest it would be very <NS type="S"><i>intresting</i><c>interesting</c></NS> to meet artists from <NS type="RJ"><i>far</i><c>faraway</c></NS> and exotic countries.</p>
          <p>Also, if I were you I would make your concert halls a bit larger, because <NS type="UT"><i>of</i></NS> <NS type="RY"><i>too</i><c>very</c></NS> many people would like to spend their holidays with their families <NS type="RT"><i>on</i><c>at</c></NS> your festival next year<NS type="MP"><c>.</c></NS></p>
          <p><NS type="M"><i>Event</i><c>At the event</c></NS> this year some halls<NS type="UP"><i>,</i></NS> which I <NS type="TV"><i>had visited</i><c>visited</c></NS> were overcrowded and there were some problems with ventilation during some shows<NS type="MP"><c>.</c></NS></p>
          <p><NS type="FV"><i>Finishing</i><c>To finish</c></NS> my letter, I hope <NS type="SX"><i>what</i><c>that</c></NS> my notes <NS type="TV"><i>could</i><c>can</c></NS> help you to make <NS type="RP"><i>next-year</i><c>next year's</c></NS> festival more <NS type="S"><i>intersting</i><c>interesting</c></NS> and comfortable for <NS type="MD"><c>the</c></NS> public<NS type="MP"><c>.</c></NS></p>
          <p>Yours sincerely,</p>
         </coded_answer>
     </answer1>
     <answer2>
       <question_number>2</question_number>
       <exam_score>4.2</exam_score>
         <coded_answer>
          <p>Want to be independent? Earn <NS type="MN"><c>money</c></NS> <NS type="MT"><c>for</c></NS> yourself.</p>
          <p>Everybody knows that <NS type="RJ"><i>common</i><c>ordinary</c></NS> students are not the richest <NS type="L"><i>persons</i><c>people</c></NS> in the world. But <NS type="SX"><i>then</i><c>when</c></NS> you are at <NS type="UD"><i>the</i></NS> university you need money more<NS type="UP"><i>,</i></NS> <NS type="CE">then anybody else want</NS>.</p>
          <p>It is so because you are young and need to make your life as <NS type="S"><i>intrestng</i><c>interesting</c></NS> as it can be now.</p>
          <p>All <NS type="AGD"><i>that</i><c>those</c></NS> discos, concerts, <NS type="MC"><c>and</c></NS> <NS type="DN"><i>touristic</i><c>tourist</c></NS> trips have to be paid <NS type="MT"><c>for</c></NS> <NS type="RT"><i>by</i><c>with</c></NS> <NS type="UD"><i>a</i></NS> different <NS type="FN"><i>sum</i><c>sums</c></NS> of those small coloured pieces of paper<NS type="UP"><i>,</i></NS> called money</p>
          <p>Of course, the easiest way to <NS type="RV"><i>have</i><c>get</c></NS> <NS type="RA"><i>them</i><c>it</c></NS> is to ask your parents for help, but a great number of young <NS type="L"><i>persons</i><c>people</c></NS> want to be independent. So <NS type="SX"><i>thy</i><c>they</c></NS> need to get a job <NS type="MC"><c>and</c></NS> that is very difficult when you haven't <NS type="MV"><c>got</c></NS> any special education and experience yet.</p>
          <p><NS type="MD"><i>Most</i><c>The most</c></NS> common way to earn <NS type="MN"><c>money</c></NS> is <NS type="UP"><i>baby-sitting</i><c>babysitting</c></NS>. Many young people earn their pocket money <NS type="RY"><i>so</i><c>in this way</c></NS>, helping <NS type="R"><i>neighbouring parents</i><c>parents in the neighbourhood</c></NS> to have a bit more spare time. Other students work as house or office managers, <NS type="R"><i>make <NS type="S"><i>promontion</i><c>promotion</c></NS> of</i><c>sell</c></NS> different goods or even <NS type="MV"><c>work</c></NS> as <NS type="UD"><i>a</i></NS> <NS type="FN"><i>bouncer</i><c>bouncers</c></NS>. Naturally, it's easier to get a job <NS type="SX"><i>then</i><c>when</c></NS> you <NS type="TV"><i>were</i><c>are</c></NS> good <NS type="RT"><i>in</i><c>at</c></NS> foreign <NS type="S"><i>languagers</i><c>languages</c></NS> or computers. <NS type="SX"><i>When</i><c>Then</c></NS> you can find yourself <NS type="MN"><c>work</c></NS> as a tourist guide or as a secretary.</p>
          <p>Sometimes small groups of students <NS type="TV"><i>organized</i><c>organize</c></NS> their own small business. For example, they can design furniture or clothes, <NS type="RV"><i>make</i><c>create</c></NS> <NS type="UP"><i>web-sites</i><c>websites</c></NS> and so on. <NS type="RY"><i>In two words</i><c>In short</c></NS>, if <NS type="RD"><i>the</i><c>a</c></NS> young man <NS type="AGV"><i>want</i><c>wants</c></NS> to earn a bit of money <NS type="R"><i>by his own hands</i><c>himself</c></NS>, <NS type="UD"><i>the</i></NS> luck and success will find him<NS type="MP"><c>.</c></NS></p>
         </coded_answer>
     </answer2>
  </text>
</head></learner>
