<?xml version="1.0" encoding="UTF-8"?>
<learner><head sortkey="TR601*0102*2000*02">
  <candidate><personnel><language>Chinese</language><age>26-30</age></personnel><score>21.00</score></candidate>
  <text>
     <answer1>
       <question_number>1</question_number>
       <exam_score>2.3</exam_score>
         <coded_answer>
          <p> Dear Sir</p>
          <p>I'm <NS type="IV"><i>writting</i><c>writing</c></NS> to express my feeling and opinion about the International Arts Festival which <NS type="TV"><i>held</i><c>was held</c></NS> a few days ago.</p>
          <p>When I found the advertisement <NS type="RT"><i>of</i><c>for</c></NS> <NS type="MD"><c>the</c></NS> International Arts Festival, I was very excited. It is <NS type="L">great</NS> to hold an annual international arts festival in <NS type="RD"><i>the</i><c>this</c></NS> place. Then I spent two days at the festival. I enjoyed it very much. There were so many exciting things I saw, such as stars and artists from around the world<NS type="RP"><i>. Jazz</i><c>, jazz</c></NS>, rock and classical concerts, plays and dance <NS type="FN"><i>show</i><c>shows</c></NS> etc. The <NS type="RJ">specified</NS> thing <NS type="MA"><c>that</c></NS> is worth <NS type="RV"><i><NS type="FV"><i>to remind</i><c>reminding</c></NS></i><c>remembering</c></NS> here is the reasonably-priced ticket for all events, it is excellent because most <NS type="AGN"><i>tourist</i><c>tourists</c></NS> could <NS type="RV">offer</NS> what they <NS type="TV"><i>like</i><c>liked</c></NS>.</p>
          <p>Although <NS type="UY"><i>how</i></NS> I enjoyed it, there were still <NS type="FN"><i><NS type="RP"><i>something</i><c>some thing</c></NS></i><c>some things</c></NS> <NS type="MA"><c>that</c></NS> needed to be improved. For example, there were some <NS type="S"><i>conert</i><c>concert</c></NS> halls which <NS type="AGV"><i>was</i><c>were</c></NS> too small to hold so <NS type="CQ"><i>much</i><c>many</c></NS> people, the stars and artists were just from six countries, which is not enough for <NS type="MD"><c>the</c></NS> audience. In <NS type="UD"><i>the</i></NS> addition<NS type="MP"><c>,</c></NS> when you organize <NS type="UD"><i>the</i></NS> next year's international arts festival, could you arrange more plays and films<NS type="RP"><i>.</i><c>?</c></NS></p>
          <p>Thanks for reading this letter, I'm looking forward to <NS type="UD"><i>the</i></NS> next year's festival.</p>
          <p>Yours faithfully</p>
         </coded_answer>
     </answer1>
     <answer2>
       <question_number>4</question_number>
       <exam_score>2.3</exam_score>
         <coded_answer>
          <p>Dear Magda</p>
          <p>It is lovely to get your letter so soon.</p>
          <p>You mentioned the rules at home and at school in the letter. This <NS type="AGV"><i>remind</i><c>reminds</c></NS> me of what I experienced during my <NS type="S"><i>teeenage</i><c>teenage</c></NS> <NS type="MN"><c>years</c></NS>. In my country the children go to <NS type="UD"><i>the</i></NS> secondary school when they are <NS type="RT"><i>at</i><c>in</c></NS> the first year of <NS type="M"><c>being a</c></NS> <NS type="DN"><i>teenage</i><c>teenager</c></NS>. <NS type="DA"><i>Your</i><c>You</c></NS> know, this age is the <NS type="DJ"><i>trouble</i><c>troublesome</c></NS> age, boys have too much energy and girls want to fall in love with someone. <NS type="RA"><i>These</i><c>They</c></NS> always annoy the <NS type="RP"><i>school teacher</i><c>schoolteacher</c></NS> and <NS type="MD"><c>their</c></NS> parents. <NS type="RT"><i>In</i><c>As</c></NS> a result of <NS type="AGA"><i>these</i><c>this</c></NS><NS type="MP"><c>,</c></NS> the teachers make very strict rules at school, such as students aren't allowed to speak <NS type="MT"><c>to</c></NS> each other in <NS type="UD"><i>the</i></NS> class. They <NS type="TV"><i>had</i><c>have</c></NS> to finish homework <NS type="RT"><i>in</i><c>within</c></NS> a limited time. They cannot <NS type="RV">oppose</NS> <NS type="UT"><i>to</i></NS> the teacher, girls are not allowed to <NS type="MV"><c>wear</c></NS> <NS type="MP"><i>make up</i><c>make-up</c></NS> <NS type="RC"><i>and</i><c>or</c></NS> wear any <NS type="RN"><i>accessories</i><c>jewellery</c></NS>. At home, in my experience, my parents didn't allow me to go out in the evening and gave me <NS type="RQ"><i>much</i><c>a lot of</c></NS> <NS type="U"><i>amsh</i></NS> homework to do, even in the holiday. They also <NS type="TV"><i>forbidden</i><c>forbade</c></NS> me to <NS type="RV"><i>make</i><c>have</c></NS> a boyfriend. I think it is not just what happened in my home<NS type="MP"><c>,</c></NS> many of my <NS type="AGN"><i>friend</i><c>friends</c></NS> had the same experience.</p>
          <p>Now I'm a mother of two children. They are <NS type="RA"><i>all</i><c>both</c></NS> in <NS type="UD"><i>the</i></NS> school. <NS type="TV"><i>Comparing</i><c>Compared</c></NS> to my experience, I want to give them <NS type="MD"><c>a</c></NS> more open attitude about everything. I want to be a mother <NS type="RT"><i>of</i><c>to</c></NS> them and a friend <NS type="RT"><i>of</i><c>to</c></NS> them. But at school, although I hope the teacher <NS type="AGV"><i>don't</i><c>doesn't</c></NS> give students so much homework, <NS type="MC"><c>and</c></NS> <NS type="AGV"><i>don't</i><c>doesn't</c></NS> <NS type="FV"><i>forbidden</i><c>forbid</c></NS> the <NS type="R">opposite voice</NS> of the students, there <NS type="AGV"><i>are</i><c>is</c></NS> nothing I can do because of our culture. It's quite sad.</p>
          <p>I'm looking forward to receiving your next letter soon.</p>
          <p>Best wishes</p>
         </coded_answer>
     </answer2>
  </text>
</head></learner>
