<?xml version="1.0" encoding="UTF-8"?>
<learner><head sortkey="TR857*0102*2000*02">
  <candidate><personnel><language>Catalan</language><age>16-20</age></personnel><score>29.00</score></candidate>
  <text>
     <answer1>
       <question_number>1</question_number>
       <exam_score>3.3</exam_score>
         <coded_answer>
          <p>Dear Jane Clark,</p>
          <p>I am writing this letter to give my opinion on the last International <NS type="RP"><i>arts festival</i><c>Arts Festival</c></NS>.</p>
          <p>Firstly<NS type="MP"><c>,</c></NS> I found <NS type="W"><i>amazing the number of <NS type="RN"><i>starts</i><c>stars</c></NS> and <NS type="AGN"><i>artist</i><c>artists</c></NS> who came to the festival</i><c>the number of stars and artists who came to the festival amazing</c></NS> although they <NS type="SX"><i>where</i><c>were</c></NS> from only six countries around the world. The concerts and the dance show were <NS type="S"><i>incredable</i><c>incredible</c></NS>, except for the classical concert that <NS type="M"><c>was in</c></NS> <NS type="W"><i><NS type="MD"><c>a</c></NS> <NS type="DN"><i>halled</i><c>hall</c></NS> <NS type="SX"><i>to</i><c>too</c></NS> small</i><c>too small a hall</c></NS>.</p>
          <p>Secondly<NS type="MP"><c>,</c></NS> the plays and films were very <NS type="DY"><i>good</i><c>well</c></NS> organized <NS type="S"><i>despide</i><c>despite</c></NS> <NS type="UV"><i>being</i></NS> <NS type="MD"><c>the</c></NS> <NS type="RJ"><i>short</i><c>low</c></NS> <NS type="FN"><i>number</i><c>numbers</c></NS>. I suggest <NS type="MA"><c>you</c></NS> <NS type="RV"><i><NS type="FV"><i>to do</i><c>do</c></NS></i><c>organise</c></NS> a couple more next year. The art exhibition and the talks by writers were great. The art exhibition showed us a new <NS type="RP"><i>life style</i><c>lifestyle</c></NS> and society<NS type="UP"><i>,</i></NS> <NS type="RA"><i>it</i><c>that</c></NS> was <NS type="DY"><i>totaly</i><c>totally</c></NS> different from ours. The talks by writers were very <NS type="S"><i>tecnic</i><c>technical</c></NS> but <NS type="AGA"><i>it</i><c>they</c></NS> could be understood by all the people who were <NS type="RT"><i>in</i><c>at</c></NS> the festival<NS type="MP"><c>.</c></NS></p>
          <p>In conclusion, I <NS type="TV"><i>am</i><c>was</c></NS> <NS type="S"><i>impresed</i><c>impressed</c></NS> <NS type="RT"><i>on</i><c>by</c></NS> all the good organisation, the service and the cost of the weekend ticket for all events. The price <NS type="TV"><i>has been</i><c>was</c></NS> <NS type="S"><i>excelent</i><c>excellent</c></NS> because there wasn't any <NS type="W"><i>limit of <NS type="RN"><i>hours</i><c>time</c></NS></i><c>time limit</c></NS>.</p>
          <p>I hope that you <NS type="S"><i>organice</i><c>organise</c></NS> this festival for all the <NS type="RJ"><i>following</i><c>coming</c></NS> years.</p>
          <p><NS type="DA"><i>Your</i><c>Yours</c></NS> Sincerely</p>
         </coded_answer>
     </answer1>
     <answer2>
       <question_number>4</question_number>
       <exam_score>3.3</exam_score>
         <coded_answer>
          <p>Dear Alice,</p>
          <p>How are you? <NS type="TV"><i>I'm</i><c>I was</c></NS> pleased to hear from you.</p>
          <p>As you already know I go to an English school, Bear House, in Spain. The rules in my country are <NS type="RN"><i><NS type="S"><i>standart</i><c>standard</c></NS></i><c>normal</c></NS>, I mean, the rules are very similar to other countries in Europe.</p>
          <p>At school you aren't allowed to bring <NS type="MY"><c>in</c></NS> connected <NS type="S"><i>movil</i><c>mobile</c></NS> phones although there <NS type="AGV"><i>are</i><c>is</c></NS> more than one student that does <NS type="UA"><i>it</i></NS>. Teachers will take it from you if it <NS type="IV"><i>rangs</i><c>rings</c></NS> during school hours. <NS type="X"><i>As well you aren't</i><c>Nor are you</c></NS> allowed to bring drugs or arms, to smoke or to drink alcohol inside the school. You have to respect other <NS type="MP"><i>peoples</i><c>people's</c></NS> <NS type="AGN"><i>opinion</i><c>opinions</c></NS>, teachers, <NS type="UP"><i>school's</i><c>school</c></NS> <NS type="RN"><i>material</i><c>equipment</c></NS> and people who <NS type="AGV"><i>works</i><c>work</c></NS> in the school. If you <NS type="TV"><i>broke</i><c>break</c></NS> one of these rules you could be <NS type="RV"><i>expulsed</i><c>expelled</c></NS> for a week, a month or for ever.</p>
          <p>At home I'm allowed to do what I want if I'm respectful <NS type="RT"><i>with</i><c>of</c></NS> my <NS type="RP"><i>parent's</i><c>parents'</c></NS> <NS type="RP"><i>time table</i><c>timetable</c></NS>. I can go out at night once a week if I tell them <NS type="SX"><i>were</i><c>where</c></NS> I'm going to be. <NS type="R"><i>In case</i><c>If</c></NS> I lie <NS type="MT"><c>to</c></NS> them or don't explain <NS type="RD"><i>my</i><c>the</c></NS> plans that my friends and I have I <NS type="R"><i>want</i><c>won't</c></NS> be able to go out<NS type="RP"><i>. <NS type="R"><i>As well</i><c>And</c></NS></i><c>, and</c></NS> <NS type="TV"><i>have</i><c>will have</c></NS> the <NS type="S"><i>responsability</i><c>responsibility</c></NS> <NS type="MT"><c>of</c></NS> <NS type="FV"><i>to look</i><c>looking</c></NS> after my brother <NS type="R"><i>in case</i><c>when</c></NS> they aren't at home.</p>
          <p><NS type="R"><i>Answering</i><c>In answer</c></NS> to <NS type="DD"><i>you</i><c>your</c></NS> question<NS type="MP"><c>,</c></NS> I <NS type="TV"><i>won't</i><c>wouldn't</c></NS> change <NS type="X"><i>nothing</i><c>anything</c></NS> because I think that these are the minimum rules that a <NS type="S"><i>theenager</i><c>teenager</c></NS> <NS type="AGV"><i>have</i><c>has</c></NS> to have to be <NS type="S"><i>responsable</i><c>responsible</c></NS> in <NS type="RD"><i>a</i><c>the</c></NS> future.</p>
          <p><NS type="RP"><i>love</i><c>Love</c></NS></p>
         </coded_answer>
     </answer2>
  </text>
</head></learner>
