<?xml version="1.0" encoding="UTF-8"?>
<learner><head sortkey="TR1019*0102*2000*02">
  <candidate><personnel><language>Polish</language><age>16-20</age></personnel><score>20.00</score></candidate>
  <text>
     <answer1>
       <question_number>1</question_number>
       <exam_score>1.1</exam_score>
         <coded_answer>
          <p>Dear <NS type="RN"><i>Mr</i><c>Mrs</c></NS> <NS type="UN"><i>Jane</i></NS> Clark</p>
          <p>I am <NS type="IV"><i>writeing</i><c>writing</c></NS> to you to "help" you with your festival next year<NS type="RP"><i>, last</i><c>. Last</c></NS> year wasn't very good so maybe we can make it more <NS type="S"><i>atracite</i><c>attractive</c></NS> this year<NS type="RP"><i>?</i><c>.</c></NS></p>
          <p><NS type="RP"><i><NS type="UD"><i>the first</i><c>first</c></NS></i><c>First</c></NS> <NS type="MP"><c>,</c></NS> I think we <NS type="S"><i>shoul</i><c>should</c></NS> rent <NS type="S"><i>biger</i><c>bigger</c></NS> <NS type="FN"><i>hall</i><c>halls</c></NS> <NS type="UT"><i>for</i></NS> <NS type="W"><i>that so</i><c>so that</c></NS> we <NS type="TV"><i>could</i><c>can</c></NS> make <NS type="MD"><c>a</c></NS> better sound and give more space for <NS type="MD"><c>the</c></NS> <NS type="RN"><i>viewers</i><c>audience</c></NS>! If we will <NS type="RV"><i>make</i><c>offer</c></NS> one reasonably-priced weekend ticket for all events we can make <NS type="W"><i><NS type="S"><i>intrestede</i><c>interested</c></NS> more people</i><c>more people interested</c></NS>. We can <NS type="S"><i>inaute</i><c>invite</c></NS> stars and artists from around the world who will <NS type="RV"><i>make</i><c>play</c></NS> and <NS type="FV"><NS type="S"><i>prisents</i><c>presents</c></NS>present</NS> all <NS type="AGN"><i>kind</i><c>kinds</c></NS> of music like jazz, rock, classical <NS type="S"><i>ect</i><c>etc</c></NS>.</p>
          <p>It should be done <NS type="UV"><i>show</i></NS> so people can see how people in every corner of the <NS type="RN"><i>word</i><c>world</c></NS> <NS type="RV"><i>make</i><c>have</c></NS> <NS type="U"><i><NS type="S"><i>theyr</i><c>their</c></NS> own</i></NS> fun. <NS type="RN">Art exhibitions</NS> <NS type="AGV"><i>is</i><c>are</c></NS> <NS type="MD"><c>a</c></NS> good idea too, to <NS type="RV"><i><NS type="S"><i>introdus</i><c>introduce</c></NS></i><c>explain</c></NS> how the music is <NS type="TV"><i>making</i><c>made</c></NS> and show how the instruments <NS type="R"><i>lode</i><c>work</c></NS>.</p>
          <p><NS type="SA"><i>Afterward</i><c>Afterwards</c></NS> we could let people talk with <NS type="MD"><c>the</c></NS> artists so they <NS type="TV"><i>can</i><c>could</c></NS> get <NS type="FV"><i><NS type="S"><i>knoe</i><c>know</c></NS></i><c>to know</c></NS> <NS type="DA"><i><NS type="S"><i>theyr</i><c>their</c></NS></i><c>them</c></NS> <NS type="RY"><i><NS type="DY"><i>privacy</i><c>privately</c></NS></i><c>personally</c></NS>.</p>
          <p><NS type="U"><i><NS type="RN"><i>Mr</i><c>Mrs</c></NS>. Jane</i></NS> <NS type="RP"><i>if</i><c>If</c></NS> you want <NS type="FV"><i><NS type="RV"><i>get</i><c>hear</c></NS></i><c>to hear</c></NS> more of my suggestions and opinions about it <NS type="S"><i>pleace</i><c>please</c></NS> contact <NS type="UT"><i>with</i></NS> me on my <NS type="RP"><i><NS type="S"><i>calle</i><c>cell</c></NS> phone</i><c>cellphone</c></NS><NS type="MP"><c>.</c></NS></p>
          <p><NS type="MA"><c>Yours</c></NS> <NS type="S"><i>Sincirley</i><c>sincerely</c></NS></p>
         </coded_answer>
     </answer1>
     <answer2>
       <question_number>4</question_number>
       <exam_score>2.3</exam_score>
         <coded_answer>
          <p>Dear Simona<NS type="RP"><i>!</i><c>,</c></NS></p>
          <p>Thank you for your letter<NS type="MP"><c>.</c></NS> <NS type="RP"><i>it</i><c>It</c></NS> was so nice to hear from you <NS type="SX"><i>gain</i><c>again</c></NS> and I am glad you have <NS type="RV"><i>meant</i><c>mentioned</c></NS> this subject.</p>
          <p>It's believed that English schools look different and have different rules <NS type="RT"><i>then</i><c>to</c></NS> Polish schools but <NS type="RP"><i>may be</i><c>maybe</c></NS> we might find <NS type="S"><i>sth</i><c>something</c></NS> <NS type="S"><i><NS type="RP"><i>incomon</i><c>in comon</c></NS></i><c>in common</c></NS><NS type="RP"><i>?!</i><c>.</c></NS></p>
          <p> What rules do we have in our schools? <NS type="UD"><i>The first</i><c>First</c></NS> of all<NS type="MP"><c>,</c></NS> it <NS type="S"><i>dipends</i><c>depends</c></NS> what kind of school it is<NS type="RP"><i>?</i><c>:</c></NS> Primary, <NS type="RP"><i>highschool</i><c>high school</c></NS> or university<NS type="RP"><i>!</i><c>.</c></NS> I think that now Polish schools are <NS type="RV"><i>going <NS type="S"><i>foward</i><c>forward</c></NS></i><c>making progress</c></NS> but they still have lots of bad habits.</p>
          <p>Polish students have to study a lot with books and they have <NS type="CQ"><i>less</i><c>fewer</c></NS> <NS type="DJ"><i>pracite</i><c>practical</c></NS> lessons, <NS type="MC"><c>and</c></NS> sometimes it's hard to get <NS type="UD"><i>a</i></NS> books or other <NS type="W"><i><NS type="S"><i>neaded</i><c>needed</c></NS> things</i><c>things needed</c></NS> <NS type="MT"><c>for</c></NS> <NS type="FV"><i>to study</i><c>studying</c></NS>. <NS type="MD"><c>The</c></NS> <NS type="RN"><i><NS type="DN"><i><NS type="S"><i><NS type="RP"><i>Conneat</i><c>conneat</c></NS></i><c>connect</c></NS></i><c>connection</c></NS></i><c>relations hip</c></NS> between students and their teachers or principals is very poor!</p>
          <p>During <NS type="UD"><i>the</i></NS> <NS type="FN"><i>lesson</i><c>lessons</c></NS> we are not allowed to have food or <NS type="U"><i>stg</i></NS> drink, <NS type="MC"><c>and</c></NS> we can't be late to school<NS type="MP"><c>.</c></NS></p>
          <p>School <NS type="MV"><c>is</c></NS> <NS type="TV"><i><NS type="S"><i>supose</i><c>suppose</c></NS></i><c>supposed</c></NS> to be our second home but it's not<NS type="MP"><c>.</c></NS> <NS type="RP"><i>we</i><c>We</c></NS> work hard and <NS type="RT"><i>for</i><c>at</c></NS> the end <NS type="MT"><c>of</c></NS> our education we still have nothing.</p>
          <p>You <NS type="FV"><i>asking</i><c>ask</c></NS> me what would I change? I would make schools <NS type="RQ"><i>more</i><c>less</c></NS> <NS type="DJ"><i>unstressfull</i><c>stressful</c></NS>, <NS type="MT"><c>with</c></NS> added fun <NS type="MP"><i>cause</i><c>'cause</c></NS> <NS type="W"><i>it's <NS type="DJ"><i>easeyer</i><c>easier</c></NS> <NS type="MD"><c>that</c></NS> way</i><c>that way it's easier</c></NS> to learn and I would <NS type="AGV"><i>gives</i><c>give</c></NS> students more chances to share <NS type="U"><i>yo with</i></NS> their <NS type="FN"><i><NS type="S"><i>fantazy</i><c>fantasy</c></NS></i><c>fantasies</c></NS> at school.</p>
          <p>Maybe <NS type="MD"><c>the</c></NS> Polish system is not bad, but it's <NS type="RJ"><NS type="S"><i>conftyble</i><c>comfortable</c></NS></NS> too. I know that <NS type="RD"><i>that</i><c>this</c></NS> letter will not change anything but you can see how <NS type="S"><i>compliated</i><c>complicated</c></NS> <NS type="W"><i>is <NS type="MD"><c>a</c></NS> Polish <NS type="S"><i>studen's</i><c>student's</c></NS> life</i><c>a Polish student's life is</c></NS><NS type="MP"><c>.</c></NS></p>
          <p><NS type="DA"><i>Your</i><c>Yours</c></NS></p>
          <p>                   </p>
         </coded_answer>
     </answer2>
  </text>
</head></learner>
