<?xml version="1.0" encoding="UTF-8"?>
<learner><head sortkey="TR184*0102*2000*02">
  <candidate><personnel><language>Chinese</language><age>21-25</age></personnel><score>22.00</score></candidate>
  <text>
     <answer1>
       <question_number>1</question_number>
       <exam_score>3.1</exam_score>
         <coded_answer>
          <p>Dear<NS type="UP"><i>:</i></NS> Jane Clark</p>
          <p>I <NS type="TV"><i>had been</i><c>went</c></NS> <NS type="MT"><c>to</c></NS> your annual international art festival. Most of the events I went to were good, but I feel that the festival could be even better next year. So, I <NS type="AS"><i><NS type="TV"><i>write</i><c>am writing</c></NS> some of my <NS type="S"><i>opionions</i><c>opinions</c></NS> and suggestions to you</i><c>am writing to you with some of my opinions and suggestions</c></NS>. I hope <NS type="UV"><i>it's</i><c>it</c></NS> <NS type="RV"><i>may</i><c>might</c></NS> help <NS type="RT"><i>for</i><c>with</c></NS> next year's festival.</p>
          <p>The idea of <NS type="MD"><c>an</c></NS> "International Art Festival" was great. But I feel the word <NS type="UT"><i>of</i></NS> "International" was not really <NS type="DJ"><i>suit</i><c>suitable</c></NS>; because you <NS type="UY"><i>just</i></NS> only <NS type="RV"><i>got</i><c>had</c></NS> six <NS type="RP"><i>countrie's</i><c>countries'</c></NS> stars and artists <NS type="UV"><i>came</i></NS>. I think you should invite more than ten countries. The other problem was <NS type="R">choosing space</NS><NS type="RP"><i>. <NS type="RT"><i>Like</i><c>As</c></NS></i><c>, as</c></NS> the hall of <NS type="MD"><c>the</c></NS> classical concert was too small and crowded. Next year, you should <NS type="S"><i>calulate</i><c>calculate</c></NS> or <NS type="RV">examine</NS> how many people <NS type="TV"><i>come</i><c>will come</c></NS> before you choose a hall, <NS type="CE">which I feel very good was plays and films. It can show more for next year's festival. The Dance Shows as well</NS>. And the offer of <NS type="MD"><c>a</c></NS> "<NS type="S"><i>weedend</i><c>weekend</c></NS> ticket" was an excellent idea<NS type="RP"><i>. Because</i><c>, because</c></NS> <NS type="R">the price was cheaper than <NS type="FV"><i>buy</i><c>buying</c></NS> it <NS type="DY"><i><NS type="S"><i>sperate</i><c>separate</c></NS></i><c>separately</c></NS> and more <NS type="DJ"><i><NS type="S"><i>convience</i><c>convenience</c></NS></i><c>convenient</c></NS></NS>.</p>
          <p><NS type="FV"><i>Look</i><c>Looking</c></NS> forward <NS type="RT"><i>for</i><c>to</c></NS> next year's festival.</p>
          <p>Yours <NS type="S"><i>Sinicerely</i><c>Sincerely</c></NS>,</p>
         </coded_answer>
     </answer1>
     <answer2>
       <question_number>3</question_number>
       <exam_score>2.3</exam_score>
         <coded_answer>
          <p>One day, a little <NS type="AGN"><i>girls</i><c>girl</c></NS> called Sara<NS type="U"><i>. She</i></NS> was walking over a bridge. Suddenly, she <NS type="IV"><i>heart</i><c>heard</c></NS> a <NS type="MP"><i><NS type="AGN"><i>men</i><c>man</c></NS></i><c>man's</c></NS> voice <NS type="FV"><i>called</i><c>calling</c></NS> her<NS type="MP"><c>:</c></NS> "Sara...Sara.. look down to the river." Then Sara looked <NS type="RT"><i>down</i><c>into</c></NS> the river. She was very scared<NS type="RP"><i>. Because</i><c>, because</c></NS> she saw a golden fish <NS type="MA"><c>who</c></NS> was smiling at her and talking to her. After a few <NS type="AGN"><i>second</i><c>seconds</c></NS>, Sara felt that <NS type="MD"><c>the</c></NS> golden fish was lovely. She <NS type="TV"><i>never seen</i><c>had never seen</c></NS> any fish <NS type="MA"><c>that</c></NS> had that wonderful colour and <NS type="TV"><i>can</i><c>could</c></NS> talk with her. Because Sara <NS type="RV"><i>hasn't got</i><c>didn't have</c></NS> any <NS type="FN"><i><NS type="RN"><i>bother</i><c>brother</c></NS></i><c>brothers</c></NS> and <NS type="FN"><i>sister</i><c>sisters</c></NS>, and her <NS type="S"><i>Mon</i><c>Mom</c></NS> and Dad <NS type="TV"><i>need</i><c>needed</c></NS> <NS type="FV"><i>work</i><c>to work</c></NS> <NS type="RP"><i>everyday</i><c>every day</c></NS>, <NS type="UY"><i>so</i></NS> she was very lonely.</p>
          <p>Therefore, she came <NS type="M"><c>to the</c></NS> river <NS type="RP"><i>everyday</i><c>every day</c></NS> and <NS type="TV"><i>talk</i><c>talked</c></NS> <NS type="MT"><c>about</c></NS> everything <NS type="RT"><i>to</i><c>with</c></NS> the golden fish. They were very close <NS type="AGN"><i>friend</i><c>friends</c></NS>. After half <NS type="MD"><c>a</c></NS> year, <NS type="MD"><c>the</c></NS> golden fish suddenly <NS type="TV"><i><NS type="AGV"><i>disappear</i><c>disappears</c></NS></i><c>disappeared</c></NS>. Sara was very sad. She sat and <NS type="TV"><i><NS type="AGV"><i>cry</i><c>cries</c></NS></i><c>cried</c></NS> <NS type="RT"><i>on</i><c>by</c></NS> the river. Then somebody called her name<NS type="MP"><c>:</c></NS> "Sara... Sara..<NS type="MP"><c>.</c></NS> look at me..<NS type="MP"><c>.</c></NS> I'm <NS type="FV"><i>stand</i><c>standing</c></NS> on your <NS type="MP"><i>left hand</i><c>left-hand</c></NS> side.<NS type="MP"><c>"</c></NS> Sara remembered the <NS type="UV"><i>was</i></NS> golden fish. <NS type="RA"><i>She</i><c>It</c></NS> <NS type="TV"><i>suddenly <NS type="AGV"><i>become</i><c>becomes</c></NS></i><c>had suddenly become</c></NS> <NS type="UD"><i>a</i></NS> human, a little boy. After a few <NS type="AGN"><i>day</i><c>days</c></NS> they got married. <NS type="AS"><i>Both together had their wonderful life</i><c>They had a wonderful life together</c></NS>.</p>
          <p>This story happened a long time ago.</p>
         </coded_answer>
     </answer2>
  </text>
</head></learner>
