<?xml version="1.0" encoding="UTF-8"?>
<learner><head sortkey="TR215*0102*2000*02">
  <candidate><personnel><language>Turkish</language><age>26-30</age></personnel><score>24.00</score></candidate>
  <text>
     <answer1>
       <question_number>1</question_number>
       <exam_score>2.3T</exam_score>
         <coded_answer>
          <p>16.12.00</p>
          <p>Dear Clark,</p>
          <p>I am writing <NS type="RT"><i>to</i><c>in</c></NS> response to the <NS type="RP"><i>international</i><c>International</c></NS> <NS type="S"><i>Arsts</i><c>Arts</c></NS> Festival, which took place on 21-22 November. I would like to inform you<NS type="UP"><i>,</i></NS> that it was a great idea and <NS type="MD"><c>a</c></NS> <NS type="RJ">valuable</NS> <NS type="S"><i>activitie</i><c>activity</c></NS> as a social event.</p>
          <p>However, it was a <NS type="S"><i>dissapointment</i><c>disappointment</c></NS><NS type="UP"><i>,</i></NS> when I realised that not many countries were attending <NS type="UT"><i>to</i></NS> the event. I <NS type="R"><i>could be fine if I had</i><c>would have liked to have</c></NS> seen more countries from all around the world, for instance<NS type="RP"><i>:</i><c>,</c></NS> <NS type="MD"><c>the</c></NS> <NS type="RP"><i>far east</i><c>Far East</c></NS>, <NS type="RP"><i>indonesia</i><c>Indonesia</c></NS> etc.</p>
          <p>It wasn't <NS type="RJ"><i>complicated</i><c>difficult</c></NS> to find the right hall <NS type="RT"><i>to</i><c>for</c></NS> the shows, I <NS type="RV"><i>should</i><c>would</c></NS> say it was very well organised.</p>
          <p>But one thing<NS type="UP"><i>,</i></NS> I have to mention is that some of the concert halls <NS type="AGV"><i>was</i><c>were</c></NS> too small and <NS type="AGA"><i>it</i><c>they</c></NS> <NS type="AGV"><i>wasn't</i><c>weren't</c></NS> comfortable <NS type="RY"><i>as well</i><c>either</c></NS><NS type="MP"><c>,</c></NS> <NS type="R"><i>as to</i><c>and this</c></NS> <NS type="RV"><i>fell</i><c>spoiled</c></NS> the great atmosphere.</p>
          <p><NS type="ID"><i>On the other side</i><c>On the other hand</c></NS>, I enjoyed <NS type="UT"><i>to</i></NS> being <NS type="SX"><i>on</i><c>one</c></NS> of the people <NS type="FV"><i>to see</i><c>seeing</c></NS> the plays <NS type="UC"><i>and</i></NS> films, <NS type="MD"><c>the</c></NS> dance shows which <NS type="AGV"><i>was</i><c>were</c></NS> <NS type="S"><i>brillantly</i><c>brilliantly</c></NS> performed <NS type="UP"><i>-</i></NS> <NS type="M"><c>and the</c></NS> art <NS type="S"><i>exbitions</i><c>exhibitions</c></NS>. Listening <NS type="MT"><c>to</c></NS> talks by <NS type="UD"><i>the</i></NS> famous writers was <NS type="FD"><i>a</i><c>an</c></NS> opportunity which I couldn't <NS type="FV"><i>missed</i><c>miss</c></NS>.</p>
          <p>I would like to ask<NS type="UP"><i>,</i></NS> if you could <NS type="RV"><i>expend</i><c>extend</c></NS> the plays and films <NS type="U"><i>more for</i></NS> next year? I have to add that the weekend ticket was <NS type="RJ"><i><NS type="FD"><i>a</i><c>an</c></NS> ideal</i><c>a great</c></NS> idea to <NS type="RV">sell</NS> all the events.</p>
          <p>Finally, I <NS type="S"><i>preciate</i><c>appreciate</c></NS> your <NS type="RN">organisation</NS> and look forward to hearing <NS type="RT"><i>from</i><c>about</c></NS> the next International Arts Festival.</p>
         </coded_answer>
     </answer1>
     <answer2>
       <question_number>4</question_number>
       <exam_score>3.3</exam_score>
         <coded_answer>
          <p>16.12.00</p>
          <p>Dear Nico,</p>
          <p><NS type="MP"><i>Its</i><c>It's</c></NS> really nice to <NS type="FV"><i>hearing</i><c>hear</c></NS> from you and thank you very much for the letter <NS type="R"><i>with</i><c>and</c></NS> photos. <NS type="TV"><i><NS type="MP"><i>Its</i><c>It's</c></NS></i><c>It was</c></NS> a good idea to send them to me, because I have to confess that I have lost my camera and also the films. What a <NS type="S"><i>pitty</i><c>pity</c></NS>!</p>
          <p>By the way<NS type="MP"><c>,</c></NS> how is your new school? <NS type="TV"><i>Did</i><c>Do</c></NS> you like it more than the previous one?</p>
          <p>I must say that our school rules are quite different <NS type="R"><i>than</i><c>to</c></NS> yours. First of all we have to stand up<NS type="UP"><i>,</i></NS> when we speak to the teacher and have to pay full attention to the lessons. If you <NS type="FV"><i>missed</i><c>miss</c></NS> a lesson, that could <NS type="RV"><i>be</i><c>cause</c></NS> a <NS type="RN"><i>trouble</i><c>problem</c></NS> for <NS type="RA"><i>yourself</i><c>you</c></NS>. I think it depends on the school. <NS type="S"><i>Privat</i><c>Private</c></NS> schools have <NS type="MD"><c>a</c></NS> more relaxed atmosphere <NS type="SX"><i>that</i><c>than</c></NS> the state <NS type="FN"><i>school</i><c>schools</c></NS>. They don't have <NS type="SX"><i>strike</i><c>strict</c></NS> rules and students can take extra lessons.</p>
          <p>On the other hand, in the state schools as I said, we are more respectful to the teacher and bad <NS type="CN"><i>behaviours</i><c>behaviour</c></NS> <NS type="AGV"><i>are</i><c>is</c></NS> punished. For example, you have to do more <NS type="CN"><i>homeworks</i><c>homework</c></NS> or they <NS type="TV"><i>are sending</i><c>send</c></NS> you home etc. Of course smoking isn't allowed <NS type="RT"><i>at</i><c>in</c></NS> any part of the <NS type="S"><i>schol</i><c>school</c></NS>.</p>
          <p>I have a relaxed family and we <NS type="TV"><i>are sharing</i><c>share</c></NS> all the <NS type="CN"><i>houseworks</i><c>housework</c></NS>. My <NS type="RP"><i>Father</i><c>father</c></NS> does the cooking, my mother does the cleaning and I <NS type="UV"><i>do</i></NS> <NS type="TV"><i>tidying</i><c>tidy</c></NS> up! But in many <NS type="RP"><i>Families</i><c>families</c></NS><NS type="MP"><c>,</c></NS> women <NS type="TV"><i>are doing</i><c>do</c></NS> more than men. I can't accept that, because you have to share all the duties and spend more time together.</p>
          <p>Anyway<NS type="MP"><c>,</c></NS> <NS type="RA"><i>it</i><c>I</c></NS> think that's it for now.</p>
          <p>I hope to <NS type="FV"><i>hearing</i><c>hear</c></NS> from you soon.</p>
          <p>Lots of <NS type="RP"><i>Love</i><c>love</c></NS></p>
         </coded_answer>
     </answer2>
  </text>
</head></learner>
