<?xml version="1.0" encoding="UTF-8"?>
<learner><head sortkey="TR240*0102*2000*02">
  <candidate><personnel><language>Chinese</language><age>16-20</age></personnel><score>26.00</score></candidate>
  <text>
     <answer1>
       <question_number>1</question_number>
       <exam_score>3.2</exam_score>
         <coded_answer>
          <p>25th November 2000</p>
          <p>Dear Mr Clark,</p>
          <p>I <NS type="TV"><i>have seen</i><c>saw</c></NS> your advertisement in "the Sun" newspaper on 10th November, and I went to the festival <NS type="UT"><i>on</i></NS> last Friday. Most of the events were wonderful and <NS type="UP"><i>well-organised</i><c>well organised</c></NS>. I enjoyed it, but I think it could be even better next year, so I would like to give my <NS type="DJ">inmature</NS> <NS type="FN"><i>views</i><c>view</c></NS> of it.</p>
          <p>Firstly, the idea of holding this International Arts Festival is great. <NS type="RA"><i>I</i><c>It</c></NS> <NS type="RV"><i>made</i><c>allowed</c></NS> people <NS type="FV"><i>enjoyed</i><c>to enjoy</c></NS> their weekend, <NS type="FV"><i>relaxed</i><c>relax</c></NS> <NS type="UA"><i>themselves</i></NS>, <NS type="MC"><c>and</c></NS> also it brought <NS type="RD"><i>the</i><c>a</c></NS> foreign culture to them, <NS type="RV"><i><NS type="FV"><i>enlarged</i><c>enlarging</c></NS></i><c>broadening</c></NS> their <NS type="S"><i>kownlegth</i><c>knowledge</c></NS>. In addition to <NS type="RA"><i>it</i><c>this</c></NS>, one weekend ticket for all <NS type="MD"><c>the</c></NS> events was only £10<NS type="RP"><i>, this</i><c>. This</c></NS> was excellent<NS type="RP"><i>, it</i><c>. It</c></NS> <NS type="RV"><i>made</i><c>meant</c></NS> people only <NS type="TV"><i>spend</i><c>spent</c></NS> <NS type="RN">pocket-money</NS>, and then they could watch all the events at the <NS type="S"><i>weeked</i><c>weekend</c></NS><NS type="RP"><i>, for</i><c>. For</c></NS> them it is <NS type="MD"><c>a</c></NS> really economical <NS type="MN"><c>way</c></NS> to <NS type="FV"><i>spent</i><c>spend</c></NS> their weekend. So my friends told me that <NS type="MA"><c>this</c></NS> was <NS type="AGD"><i>his</i><c>their</c></NS> cheapest weekend.</p>
          <p>Moreover, the stars and artists were <NS type="W"><i>only from</i><c>from only</c></NS> six countries<NS type="RP"><i>,</i><c>.</c></NS> In my opinion, if you can invite more stars and artists from more countries, it will make the festival more exciting, more <NS type="S"><i>intesting</i><c>interesting</c></NS>, and <NS type="ID"><i>from my point of view</i><c>in my opinion</c></NS>, some <NS type="M"><c>of the</c></NS> concert halls were too small<NS type="RP"><i>, the</i><c>. The</c></NS> people in there couldn't even go to the loo<NS type="RP"><i>!</i><c>,</c></NS> because it was too <NS type="SX"><i>crowed</i><c>crowded</c></NS>. Finally, the plays and films were wonderfully <NS type="RV">welcomed</NS>, as far as I'm concerned. If you can <NS type="RV"><i>show</i><c>have</c></NS> more <NS type="FN"><i>play</i><c>plays</c></NS> and films<NS type="MP"><c>,</c></NS> <NS type="RP"><i>It</i><c>it</c></NS> will <NS type="RV"><i>achieve</i><c>have</c></NS> a good effect.</p>
          <p><NS type="AGA"><i>This</i><c>These</c></NS> are only my <NS type="DJ"><i>inmature</i><c>immature</c></NS> views<NS type="RP"><i>, if</i><c>. If</c></NS> <NS type="R">it is considerable for you</NS>, I will be very pleased<NS type="RP"><i>, thank</i><c>. Thank</c></NS> you very much.</p>
          <p>I'm <NS type="FV"><i>look</i><c>looking</c></NS> forward to <NS type="RV"><i>hearing</i><c>receiving</c></NS> your <NS type="FN"><i>replies</i><c>reply</c></NS>.</p>
          <p>yours sincerely,</p>
         </coded_answer>
     </answer1>
     <answer2>
       <question_number>4</question_number>
       <exam_score>3.2</exam_score>
         <coded_answer>
          <p>16, Dec. 2000</p>
          <p>Dear Yasmin,</p>
          <p><NS type="RA"><i>It</i><c>I</c></NS> was really pleased to receive your letter yesterday<NS type="RP"><i>, you</i><c>. You</c></NS> asked me about rules<NS type="RP"><i>;</i><c>,</c></NS> both <NS type="RT"><i>at</i><c>in</c></NS> my home and at my school<NS type="RP"><i>,</i><c>.</c></NS> I am very happy to tell you about this.</p>
          <p>At my school, we aren't allowed to smoke inside the building, because the building is made of wood<NS type="RP"><i>, it</i><c>. It</c></NS> <NS type="AGV"><i>tend</i><c>tends</c></NS> to catch fire easily, and we aren't allowed to use <NS type="MD"><c>the</c></NS> Internet<NS type="RP"><i>, there</i><c>. There</c></NS> are only ten computers in the school<NS type="RP"><i>, only</i><c>. Only</c></NS> teachers can use <NS type="AGA"><i>it</i><c>them</c></NS><NS type="RP"><i>, if</i><c>. If</c></NS> we used <NS type="MA"><c>them</c></NS>, we would be sent to the head office of the school.</p>
          <p>At my home, there are many rules, because I'm careless, so I <NS type="UP"><i>amn't</i><c>am not</c></NS> allowed to smoke at home <NS type="RY"><i>as well</i><c>either</c></NS>: and I'm not allowed to use <NS type="MD"><c>the</c></NS> telephone, because last year I <NS type="RV"><i>made</i><c>ran up</c></NS> <NS type="MD"><c>a</c></NS> £1000 bill for one month<NS type="RP"><i>, my</i><c>. My</c></NS> parents were very angry with <NS type="RA"><i>it</i><c>me</c></NS>, so they told me I am not to use <NS type="MD"><c>the</c></NS> telephone any more<NS type="RP"><i>, oh</i><c>. Oh</c></NS>, <NS type="RP"><i>How</i><c>how</c></NS> <NS type="RJ">poor</NS>!</p>
          <p><NS type="R"><i>How</i><c>What</c></NS> is the weather like in England<NS type="RP"><i>,</i><c>.</c></NS> I hope it isn't too wet<NS type="RP"><i>, please</i><c>. Please</c></NS> give my regards to your parents.</p>
          <p>Lots of love,</p>
         </coded_answer>
     </answer2>
  </text>
</head></learner>
